kotlin version: 2.0.21
error message: Incremental compilation failed: null
java.lang.StackOverflowError
	at org.jetbrains.kotlin.com.intellij.lang.impl.PsiBuilderImpl.mark(PsiBuilderImpl.java:822)
	at org.jetbrains.kotlin.com.intellij.lang.java.parser.BasicReferenceParser.parseTypeInfo(BasicReferenceParser.java:89)
	at org.jetbrains.kotlin.com.intellij.lang.java.parser.BasicReferenceParser.parseTypeInfo(BasicReferenceParser.java:58)
	at org.jetbrains.kotlin.com.intellij.lang.java.parser.ReferenceParser.parseTypeInfo(ReferenceParser.java:43)
	at org.jetbrains.kotlin.com.intellij.lang.java.parser.ReferenceParser.parseTypeInfo(ReferenceParser.java:9)
	at org.jetbrains.kotlin.com.intellij.lang.java.parser.BasicOldExpressionParser.parsePrimaryExpressionStart(BasicOldExpressionParser.java:575)
	at org.jetbrains.kotlin.com.intellij.lang.java.parser.BasicOldExpressionParser.parsePrimary(BasicOldExpressionParser.java:343)
	at org.jetbrains.kotlin.com.intellij.lang.java.parser.BasicOldExpressionParser.parsePostfix(BasicOldExpressionParser.java:324)
	at org.jetbrains.kotlin.com.intellij.lang.java.parser.BasicOldExpressionParser.parseUnary(BasicOldExpressionParser.java:318)
	at org.jetbrains.kotlin.com.intellij.lang.java.parser.BasicOldExpressionParser.parseExpression(BasicOldExpressionParser.java:172)
	at org.jetbrains.kotlin.com.intellij.lang.java.parser.BasicOldExpressionParser.parseBinary(BasicOldExpressionParser.java:185)
	at org.jetbrains.kotlin.com.intellij.lang.java.parser.BasicOldExpressionParser.parseExpression(BasicOldExpressionParser.java:169)
	at org.jetbrains.kotlin.com.intellij.lang.java.parser.BasicOldExpressionParser.parseBinary(BasicOldExpressionParser.java:185)
	at org.jetbrains.kotlin.com.intellij.lang.java.parser.BasicOldExpressionParser.parseExpression(BasicOldExpressionParser.java:166)
	at org.jetbrains.kotlin.com.intellij.lang.java.parser.BasicOldExpressionParser.parseBinary(BasicOldExpressionParser.java:185)
	at org.jetbrains.kotlin.com.intellij.lang.java.parser.BasicOldExpressionParser.parseExpression(BasicOldExpressionParser.java:163)
	at org.jetbrains.kotlin.com.intellij.lang.java.parser.BasicOldExpressionParser.parseRelational(BasicOldExpressionParser.java:217)
	at org.jetbrains.kotlin.com.intellij.lang.java.parser.BasicOldExpressionParser.parseExpression(BasicOldExpressionParser.java:160)
	at org.jetbrains.kotlin.com.intellij.lang.java.parser.BasicOldExpressionParser.parseBinary(BasicOldExpressionParser.java:185)
	at org.jetbrains.kotlin.com.intellij.lang.java.parser.BasicOldExpressionParser.parseExpression(BasicOldExpressionParser.java:157)
	at org.jetbrains.kotlin.com.intellij.lang.java.parser.BasicOldExpressionParser.parseBinary(BasicOldExpressionParser.java:185)
	at org.jetbrains.kotlin.com.intellij.lang.java.parser.BasicOldExpressionParser.parseExpression(BasicOldExpressionParser.java:154)
	at org.jetbrains.kotlin.com.intellij.lang.java.parser.BasicOldExpressionParser.parseBinary(BasicOldExpressionParser.java:185)
	at org.jetbrains.kotlin.com.intellij.lang.java.parser.BasicOldExpressionParser.parseExpression(BasicOldExpressionParser.java:151)
	at org.jetbrains.kotlin.com.intellij.lang.java.parser.BasicOldExpressionParser.parseBinary(BasicOldExpressionParser.java:185)
	at org.jetbrains.kotlin.com.intellij.lang.java.parser.BasicOldExpressionParser.parseExpression(BasicOldExpressionParser.java:148)
	at org.jetbrains.kotlin.com.intellij.lang.java.parser.BasicOldExpressionParser.parseBinary(BasicOldExpressionParser.java:185)
	at org.jetbrains.kotlin.com.intellij.lang.java.parser.BasicOldExpressionParser.parseExpression(BasicOldExpressionParser.java:145)
	at org.jetbrains.kotlin.com.intellij.lang.java.parser.BasicOldExpressionParser.parseBinary(BasicOldExpressionParser.java:185)
	at org.jetbrains.kotlin.com.intellij.lang.java.parser.BasicOldExpressionParser.parseExpression(BasicOldExpressionParser.java:142)
	at org.jetbrains.kotlin.com.intellij.lang.java.parser.BasicOldExpressionParser.parseConditional(BasicOldExpressionParser.java:106)
	at org.jetbrains.kotlin.com.intellij.lang.java.parser.BasicOldExpressionParser.parseAssignment(BasicOldExpressionParser.java:79)
	at org.jetbrains.kotlin.com.intellij.lang.java.parser.BasicOldExpressionParser.parseAssignment(BasicOldExpressionParser.java:75)
	at org.jetbrains.kotlin.com.intellij.lang.java.parser.BasicOldExpressionParser.parse(BasicOldExpressionParser.java:57)
	at org.jetbrains.kotlin.com.intellij.lang.java.parser.BasicOldExpressionParser.parseArgumentList(BasicOldExpressionParser.java:991)
	at org.jetbrains.kotlin.com.intellij.lang.java.parser.BasicOldExpressionParser.parsePrimary(BasicOldExpressionParser.java:464)
	at org.jetbrains.kotlin.com.intellij.lang.java.parser.BasicOldExpressionParser.parsePostfix(BasicOldExpressionParser.java:324)
	at org.jetbrains.kotlin.com.intellij.lang.java.parser.BasicOldExpressionParser.parseUnary(BasicOldExpressionParser.java:318)
	at org.jetbrains.kotlin.com.intellij.lang.java.parser.BasicOldExpressionParser.parseExpression(BasicOldExpressionParser.java:172)
	at org.jetbrains.kotlin.com.intellij.lang.java.parser.BasicOldExpressionParser.parseBinary(BasicOldExpressionParser.java:185)
	at org.jetbrains.kotlin.com.intellij.lang.java.parser.BasicOldExpressionParser.parseExpression(BasicOldExpressionParser.java:169)
	at org.jetbrains.kotlin.com.intellij.lang.java.parser.BasicOldExpressionParser.parseBinary(BasicOldExpressionParser.java:185)
	at org.jetbrains.kotlin.com.intellij.lang.java.parser.BasicOldExpressionParser.parseExpression(BasicOldExpressionParser.java:166)
	at org.jetbrains.kotlin.com.intellij.lang.java.parser.BasicOldExpressionParser.parseBinary(BasicOldExpressionParser.java:185)
	at org.jetbrains.kotlin.com.intellij.lang.java.parser.BasicOldExpressionParser.parseExpression(BasicOldExpressionParser.java:163)
	at org.jetbrains.kotlin.com.intellij.lang.java.parser.BasicOldExpressionParser.parseRelational(BasicOldExpressionParser.java:217)
	at org.jetbrains.kotlin.com.intellij.lang.java.parser.BasicOldExpressionParser.parseExpression(BasicOldExpressionParser.java:160)
	at org.jetbrains.kotlin.com.intellij.lang.java.parser.BasicOldExpressionParser.parseBinary(BasicOldExpressionParser.java:185)
	at org.jetbrains.kotlin.com.intellij.lang.java.parser.BasicOldExpressionParser.parseExpression(BasicOldExpressionParser.java:157)
	at org.jetbrains.kotlin.com.intellij.lang.java.parser.BasicOldExpressionParser.parseBinary(BasicOldExpressionParser.java:185)
	at org.jetbrains.kotlin.com.intellij.lang.java.parser.BasicOldExpressionParser.parseExpression(BasicOldExpressionParser.java:154)
	at org.jetbrains.kotlin.com.intellij.lang.java.parser.BasicOldExpressionParser.parseBinary(BasicOldExpressionParser.java:185)
	at org.jetbrains.kotlin.com.intellij.lang.java.parser.BasicOldExpressionParser.parseExpression(BasicOldExpressionParser.java:151)
	at org.jetbrains.kotlin.com.intellij.lang.java.parser.BasicOldExpressionParser.parseBinary(BasicOldExpressionParser.java:185)
	at org.jetbrains.kotlin.com.intellij.lang.java.parser.BasicOldExpressionParser.parseExpression(BasicOldExpressionParser.java:148)
	at org.jetbrains.kotlin.com.intellij.lang.java.parser.BasicOldExpressionParser.parseBinary(BasicOldExpressionParser.java:185)
	at org.jetbrains.kotlin.com.intellij.lang.java.parser.BasicOldExpressionParser.parseExpression(BasicOldExpressionParser.java:145)
	at org.jetbrains.kotlin.com.intellij.lang.java.parser.BasicOldExpressionParser.parseBinary(BasicOldExpressionParser.java:185)
	at org.jetbrains.kotlin.com.intellij.lang.java.parser.BasicOldExpressionParser.parseExpression(BasicOldExpressionParser.java:142)
	at org.jetbrains.kotlin.com.intellij.lang.java.parser.BasicOldExpressionParser.parseConditional(BasicOldExpressionParser.java:106)
	at org.jetbrains.kotlin.com.intellij.lang.java.parser.BasicOldExpressionParser.parseAssignment(BasicOldExpressionParser.java:79)
	at org.jetbrains.kotlin.com.intellij.lang.java.parser.BasicOldExpressionParser.parseAssignment(BasicOldExpressionParser.java:75)
	at org.jetbrains.kotlin.com.intellij.lang.java.parser.BasicOldExpressionParser.parse(BasicOldExpressionParser.java:57)
	at org.jetbrains.kotlin.com.intellij.lang.java.parser.BasicOldExpressionParser.parseArgumentList(BasicOldExpressionParser.java:991)
	at org.jetbrains.kotlin.com.intellij.lang.java.parser.BasicOldExpressionParser.parsePrimary(BasicOldExpressionParser.java:464)
	at org.jetbrains.kotlin.com.intellij.lang.java.parser.BasicOldExpressionParser.parsePostfix(BasicOldExpressionParser.java:324)
	at org.jetbrains.kotlin.com.intellij.lang.java.parser.BasicOldExpressionParser.parseUnary(BasicOldExpressionParser.java:318)
	at org.jetbrains.kotlin.com.intellij.lang.java.parser.BasicOldExpressionParser.parseExpression(BasicOldExpressionParser.java:172)
	at org.jetbrains.kotlin.com.intellij.lang.java.parser.BasicOldExpressionParser.parseBinary(BasicOldExpressionParser.java:185)
	at org.jetbrains.kotlin.com.intellij.lang.java.parser.BasicOldExpressionParser.parseExpression(BasicOldExpressionParser.java:169)
	at org.jetbrains.kotlin.com.intellij.lang.java.parser.BasicOldExpressionParser.parseBinary(BasicOldExpressionParser.java:185)
	at org.jetbrains.kotlin.com.intellij.lang.java.parser.BasicOldExpressionParser.parseExpression(BasicOldExpressionParser.java:166)
	at org.jetbrains.kotlin.com.intellij.lang.java.parser.BasicOldExpressionParser.parseBinary(BasicOldExpressionParser.java:185)
	at org.jetbrains.kotlin.com.intellij.lang.java.parser.BasicOldExpressionParser.parseExpression(BasicOldExpressionParser.java:163)
	at org.jetbrains.kotlin.com.intellij.lang.java.parser.BasicOldExpressionParser.parseRelational(BasicOldExpressionParser.java:217)
	at org.jetbrains.kotlin.com.intellij.lang.java.parser.BasicOldExpressionParser.parseExpression(BasicOldExpressionParser.java:160)
	at org.jetbrains.kotlin.com.intellij.lang.java.parser.BasicOldExpressionParser.parseBinary(BasicOldExpressionParser.java:185)
	at org.jetbrains.kotlin.com.intellij.lang.java.parser.BasicOldExpressionParser.parseExpression(BasicOldExpressionParser.java:157)
	at org.jetbrains.kotlin.com.intellij.lang.java.parser.BasicOldExpressionParser.parseBinary(BasicOldExpressionParser.java:185)
	at org.jetbrains.kotlin.com.intellij.lang.java.parser.BasicOldExpressionParser.parseExpression(BasicOldExpressionParser.java:154)
	at org.jetbrains.kotlin.com.intellij.lang.java.parser.BasicOldExpressionParser.parseBinary(BasicOldExpressionParser.java:185)
	at org.jetbrains.kotlin.com.intellij.lang.java.parser.BasicOldExpressionParser.parseExpression(BasicOldExpressionParser.java:151)
	at org.jetbrains.kotlin.com.intellij.lang.java.parser.BasicOldExpressionParser.parseBinary(BasicOldExpressionParser.java:185)
	at org.jetbrains.kotlin.com.intellij.lang.java.parser.BasicOldExpressionParser.parseExpression(BasicOldExpressionParser.java:148)
	at org.jetbrains.kotlin.com.intellij.lang.java.parser.BasicOldExpressionParser.parseBinary(BasicOldExpressionParser.java:185)
	at org.jetbrains.kotlin.com.intellij.lang.java.parser.BasicOldExpressionParser.parseExpression(BasicOldExpressionParser.java:145)
	at org.jetbrains.kotlin.com.intellij.lang.java.parser.BasicOldExpressionParser.parseBinary(BasicOldExpressionParser.java:185)
	at org.jetbrains.kotlin.com.intellij.lang.java.parser.BasicOldExpressionParser.parseExpression(BasicOldExpressionParser.java:142)
	at org.jetbrains.kotlin.com.intellij.lang.java.parser.BasicOldExpressionParser.parseConditional(BasicOldExpressionParser.java:106)
	at org.jetbrains.kotlin.com.intellij.lang.java.parser.BasicOldExpressionParser.parseAssignment(BasicOldExpressionParser.java:79)
	at org.jetbrains.kotlin.com.intellij.lang.java.parser.BasicOldExpressionParser.parseAssignment(BasicOldExpressionParser.java:75)
	at org.jetbrains.kotlin.com.intellij.lang.java.parser.BasicOldExpressionParser.parse(BasicOldExpressionParser.java:57)
	at org.jetbrains.kotlin.com.intellij.lang.java.parser.BasicOldExpressionParser.parseArgumentList(BasicOldExpressionParser.java:991)
	at org.jetbrains.kotlin.com.intellij.lang.java.parser.BasicOldExpressionParser.parsePrimary(BasicOldExpressionParser.java:464)
	at org.jetbrains.kotlin.com.intellij.lang.java.parser.BasicOldExpressionParser.parsePostfix(BasicOldExpressionParser.java:324)
	at org.jetbrains.kotlin.com.intellij.lang.java.parser.BasicOldExpressionParser.parseUnary(BasicOldExpressionParser.java:318)
	at org.jetbrains.kotlin.com.intellij.lang.java.parser.BasicOldExpressionParser.parseExpression(BasicOldExpressionParser.java:172)
	at org.jetbrains.kotlin.com.intellij.lang.java.parser.BasicOldExpressionParser.parseBinary(BasicOldExpressionParser.java:185)
	at org.jetbrains.kotlin.com.intellij.lang.java.parser.BasicOldExpressionParser.parseExpression(BasicOldExpressionParser.java:169)
	at org.jetbrains.kotlin.com.intellij.lang.java.parser.BasicOldExpressionParser.parseBinary(BasicOldExpressionParser.java:185)
	at org.jetbrains.kotlin.com.intellij.lang.java.parser.BasicOldExpressionParser.parseExpression(BasicOldExpressionParser.java:166)
	at org.jetbrains.kotlin.com.intellij.lang.java.parser.BasicOldExpressionParser.parseBinary(BasicOldExpressionParser.java:185)
	at org.jetbrains.kotlin.com.intellij.lang.java.parser.BasicOldExpressionParser.parseExpression(BasicOldExpressionParser.java:163)
	at org.jetbrains.kotlin.com.intellij.lang.java.parser.BasicOldExpressionParser.parseRelational(BasicOldExpressionParser.java:217)
	at org.jetbrains.kotlin.com.intellij.lang.java.parser.BasicOldExpressionParser.parseExpression(BasicOldExpressionParser.java:160)
	at org.jetbrains.kotlin.com.intellij.lang.java.parser.BasicOldExpressionParser.parseBinary(BasicOldExpressionParser.java:185)
	at org.jetbrains.kotlin.com.intellij.lang.java.parser.BasicOldExpressionParser.parseExpression(BasicOldExpressionParser.java:157)
	at org.jetbrains.kotlin.com.intellij.lang.java.parser.BasicOldExpressionParser.parseBinary(BasicOldExpressionParser.java:185)
	at org.jetbrains.kotlin.com.intellij.lang.java.parser.BasicOldExpressionParser.parseExpression(BasicOldExpressionParser.java:154)
	at org.jetbrains.kotlin.com.intellij.lang.java.parser.BasicOldExpressionParser.parseBinary(BasicOldExpressionParser.java:185)
	at org.jetbrains.kotlin.com.intellij.lang.java.parser.BasicOldExpressionParser.parseExpression(BasicOldExpressionParser.java:151)
	at org.jetbrains.kotlin.com.intellij.lang.java.parser.BasicOldExpressionParser.parseBinary(BasicOldExpressionParser.java:185)
	at org.jetbrains.kotlin.com.intellij.lang.java.parser.BasicOldExpressionParser.parseExpression(BasicOldExpressionParser.java:148)
	at org.jetbrains.kotlin.com.intellij.lang.java.parser.BasicOldExpressionParser.parseBinary(BasicOldExpressionParser.java:185)
	at org.jetbrains.kotlin.com.intellij.lang.java.parser.BasicOldExpressionParser.parseExpression(BasicOldExpressionParser.java:145)
	at org.jetbrains.kotlin.com.intellij.lang.java.parser.BasicOldExpressionParser.parseBinary(BasicOldExpressionParser.java:185)
	at org.jetbrains.kotlin.com.intellij.lang.java.parser.BasicOldExpressionParser.parseExpression(BasicOldExpressionParser.java:142)
	at org.jetbrains.kotlin.com.intellij.lang.java.parser.BasicOldExpressionParser.parseConditional(BasicOldExpressionParser.java:106)
	at org.jetbrains.kotlin.com.intellij.lang.java.parser.BasicOldExpressionParser.parseAssignment(BasicOldExpressionParser.java:79)
	at org.jetbrains.kotlin.com.intellij.lang.java.parser.BasicOldExpressionParser.parseAssignment(BasicOldExpressionParser.java:75)
	at org.jetbrains.kotlin.com.intellij.lang.java.parser.BasicOldExpressionParser.parse(BasicOldExpressionParser.java:57)
	at org.jetbrains.kotlin.com.intellij.lang.java.parser.BasicOldExpressionParser.parseArgumentList(BasicOldExpressionParser.java:991)
	at org.jetbrains.kotlin.com.intellij.lang.java.parser.BasicOldExpressionParser.parsePrimary(BasicOldExpressionParser.java:464)
	at org.jetbrains.kotlin.com.intellij.lang.java.parser.BasicOldExpressionParser.parsePostfix(BasicOldExpressionParser.java:324)
	at org.jetbrains.kotlin.com.intellij.lang.java.parser.BasicOldExpressionParser.parseUnary(BasicOldExpressionParser.java:318)
	at org.jetbrains.kotlin.com.intellij.lang.java.parser.BasicOldExpressionParser.parseExpression(BasicOldExpressionParser.java:172)
	at org.jetbrains.kotlin.com.intellij.lang.java.parser.BasicOldExpressionParser.parseBinary(BasicOldExpressionParser.java:185)
	at org.jetbrains.kotlin.com.intellij.lang.java.parser.BasicOldExpressionParser.parseExpression(BasicOldExpressionParser.java:169)
	at org.jetbrains.kotlin.com.intellij.lang.java.parser.BasicOldExpressionParser.parseBinary(BasicOldExpressionParser.java:185)
	at org.jetbrains.kotlin.com.intellij.lang.java.parser.BasicOldExpressionParser.parseExpression(BasicOldExpressionParser.java:166)
	at org.jetbrains.kotlin.com.intellij.lang.java.parser.BasicOldExpressionParser.parseBinary(BasicOldExpressionParser.java:185)
	at org.jetbrains.kotlin.com.intellij.lang.java.parser.BasicOldExpressionParser.parseExpression(BasicOldExpressionParser.java:163)
	at org.jetbrains.kotlin.com.intellij.lang.java.parser.BasicOldExpressionParser.parseRelational(BasicOldExpressionParser.java:217)
	at org.jetbrains.kotlin.com.intellij.lang.java.parser.BasicOldExpressionParser.parseExpression(BasicOldExpressionParser.java:160)
	at org.jetbrains.kotlin.com.intellij.lang.java.parser.BasicOldExpressionParser.parseBinary(BasicOldExpressionParser.java:185)
	at org.jetbrains.kotlin.com.intellij.lang.java.parser.BasicOldExpressionParser.parseExpression(BasicOldExpressionParser.java:157)
	at org.jetbrains.kotlin.com.intellij.lang.java.parser.BasicOldExpressionParser.parseBinary(BasicOldExpressionParser.java:185)
	at org.jetbrains.kotlin.com.intellij.lang.java.parser.BasicOldExpressionParser.parseExpression(BasicOldExpressionParser.java:154)
	at org.jetbrains.kotlin.com.intellij.lang.java.parser.BasicOldExpressionParser.parseBinary(BasicOldExpressionParser.java:185)
	at org.jetbrains.kotlin.com.intellij.lang.java.parser.BasicOldExpressionParser.parseExpression(BasicOldExpressionParser.java:151)
	at org.jetbrains.kotlin.com.intellij.lang.java.parser.BasicOldExpressionParser.parseBinary(BasicOldExpressionParser.java:185)
	at org.jetbrains.kotlin.com.intellij.lang.java.parser.BasicOldExpressionParser.parseExpression(BasicOldExpressionParser.java:148)
	at org.jetbrains.kotlin.com.intellij.lang.java.parser.BasicOldExpressionParser.parseBinary(BasicOldExpressionParser.java:185)
	at org.jetbrains.kotlin.com.intellij.lang.java.parser.BasicOldExpressionParser.parseExpression(BasicOldExpressionParser.java:145)
	at org.jetbrains.kotlin.com.intellij.lang.java.parser.BasicOldExpressionParser.parseBinary(BasicOldExpressionParser.java:185)
	at org.jetbrains.kotlin.com.intellij.lang.java.parser.BasicOldExpressionParser.parseExpression(BasicOldExpressionParser.java:142)
	at org.jetbrains.kotlin.com.intellij.lang.java.parser.BasicOldExpressionParser.parseConditional(BasicOldExpressionParser.java:106)
	at org.jetbrains.kotlin.com.intellij.lang.java.parser.BasicOldExpressionParser.parseAssignment(BasicOldExpressionParser.java:79)
	at org.jetbrains.kotlin.com.intellij.lang.java.parser.BasicOldExpressionParser.parseAssignment(BasicOldExpressionParser.java:75)
	at org.jetbrains.kotlin.com.intellij.lang.java.parser.BasicOldExpressionParser.parse(BasicOldExpressionParser.java:57)
	at org.jetbrains.kotlin.com.intellij.lang.java.parser.BasicOldExpressionParser.parseArgumentList(BasicOldExpressionParser.java:991)
	at org.jetbrains.kotlin.com.intellij.lang.java.parser.BasicOldExpressionParser.parsePrimary(BasicOldExpressionParser.java:464)
	at org.jetbrains.kotlin.com.intellij.lang.java.parser.BasicOldExpressionParser.parsePostfix(BasicOldExpressionParser.java:324)
	at org.jetbrains.kotlin.com.intellij.lang.java.parser.BasicOldExpressionParser.parseUnary(BasicOldExpressionParser.java:318)
	at org.jetbrains.kotlin.com.intellij.lang.java.parser.BasicOldExpressionParser.parseExpression(BasicOldExpressionParser.java:172)
	at org.jetbrains.kotlin.com.intellij.lang.java.parser.BasicOldExpressionParser.parseBinary(BasicOldExpressionParser.java:185)
	at org.jetbrains.kotlin.com.intellij.lang.java.parser.BasicOldExpressionParser.parseExpression(BasicOldExpressionParser.java:169)
	at org.jetbrains.kotlin.com.intellij.lang.java.parser.BasicOldExpressionParser.parseBinary(BasicOldExpressionParser.java:185)
	at org.jetbrains.kotlin.com.intellij.lang.java.parser.BasicOldExpressionParser.parseExpression(BasicOldExpressionParser.java:166)
	at org.jetbrains.kotlin.com.intellij.lang.java.parser.BasicOldExpressionParser.parseBinary(BasicOldExpressionParser.java:185)
	at org.jetbrains.kotlin.com.intellij.lang.java.parser.BasicOldExpressionParser.parseExpression(BasicOldExpressionParser.java:163)
	at org.jetbrains.kotlin.com.intellij.lang.java.parser.BasicOldExpressionParser.parseRelational(BasicOldExpressionParser.java:217)
	at org.jetbrains.kotlin.com.intellij.lang.java.parser.BasicOldExpressionParser.parseExpression(BasicOldExpressionParser.java:160)
	at org.jetbrains.kotlin.com.intellij.lang.java.parser.BasicOldExpressionParser.parseBinary(BasicOldExpressionParser.java:185)
	at org.jetbrains.kotlin.com.intellij.lang.java.parser.BasicOldExpressionParser.parseExpression(BasicOldExpressionParser.java:157)
	at org.jetbrains.kotlin.com.intellij.lang.java.parser.BasicOldExpressionParser.parseBinary(BasicOldExpressionParser.java:185)
	at org.jetbrains.kotlin.com.intellij.lang.java.parser.BasicOldExpressionParser.parseExpression(BasicOldExpressionParser.java:154)
	at org.jetbrains.kotlin.com.intellij.lang.java.parser.BasicOldExpressionParser.parseBinary(BasicOldExpressionParser.java:185)
	at org.jetbrains.kotlin.com.intellij.lang.java.parser.BasicOldExpressionParser.parseExpression(BasicOldExpressionParser.java:151)
	at org.jetbrains.kotlin.com.intellij.lang.java.parser.BasicOldExpressionParser.parseBinary(BasicOldExpressionParser.java:185)
	at org.jetbrains.kotlin.com.intellij.lang.java.parser.BasicOldExpressionParser.parseExpression(BasicOldExpressionParser.java:148)
	at org.jetbrains.kotlin.com.intellij.lang.java.parser.BasicOldExpressionParser.parseBinary(BasicOldExpressionParser.java:185)
	at org.jetbrains.kotlin.com.intellij.lang.java.parser.BasicOldExpressionParser.parseExpression(BasicOldExpressionParser.java:145)
	at org.jetbrains.kotlin.com.intellij.lang.java.parser.BasicOldExpressionParser.parseBinary(BasicOldExpressionParser.java:185)
	at org.jetbrains.kotlin.com.intellij.lang.java.parser.BasicOldExpressionParser.parseExpression(BasicOldExpressionParser.java:142)
	at org.jetbrains.kotlin.com.intellij.lang.java.parser.BasicOldExpressionParser.parseConditional(BasicOldExpressionParser.java:106)
	at org.jetbrains.kotlin.com.intellij.lang.java.parser.BasicOldExpressionParser.parseAssignment(BasicOldExpressionParser.java:79)
	at org.jetbrains.kotlin.com.intellij.lang.java.parser.BasicOldExpressionParser.parseAssignment(BasicOldExpressionParser.java:75)
	at org.jetbrains.kotlin.com.intellij.lang.java.parser.BasicOldExpressionParser.parse(BasicOldExpressionParser.java:57)
	at org.jetbrains.kotlin.com.intellij.lang.java.parser.BasicOldExpressionParser.parseArgumentList(BasicOldExpressionParser.java:991)
	at org.jetbrains.kotlin.com.intellij.lang.java.parser.BasicOldExpressionParser.parsePrimary(BasicOldExpressionParser.java:464)
	at org.jetbrains.kotlin.com.intellij.lang.java.parser.BasicOldExpressionParser.parsePostfix(BasicOldExpressionParser.java:324)
	at org.jetbrains.kotlin.com.intellij.lang.java.parser.BasicOldExpressionParser.parseUnary(BasicOldExpressionParser.java:318)
	at org.jetbrains.kotlin.com.intellij.lang.java.parser.BasicOldExpressionParser.parseExpression(BasicOldExpressionParser.java:172)
	at org.jetbrains.kotlin.com.intellij.lang.java.parser.BasicOldExpressionParser.parseBinary(BasicOldExpressionParser.java:185)
	at org.jetbrains.kotlin.com.intellij.lang.java.parser.BasicOldExpressionParser.parseExpression(BasicOldExpressionParser.java:169)
	at org.jetbrains.kotlin.com.intellij.lang.java.parser.BasicOldExpressionParser.parseBinary(BasicOldExpressionParser.java:185)
	at org.jetbrains.kotlin.com.intellij.lang.java.parser.BasicOldExpressionParser.parseExpression(BasicOldExpressionParser.java:166)
	at org.jetbrains.kotlin.com.intellij.lang.java.parser.BasicOldExpressionParser.parseBinary(BasicOldExpressionParser.java:185)
	at org.jetbrains.kotlin.com.intellij.lang.java.parser.BasicOldExpressionParser.parseExpression(BasicOldExpressionParser.java:163)
	at org.jetbrains.kotlin.com.intellij.lang.java.parser.BasicOldExpressionParser.parseRelational(BasicOldExpressionParser.java:217)
	at org.jetbrains.kotlin.com.intellij.lang.java.parser.BasicOldExpressionParser.parseExpression(BasicOldExpressionParser.java:160)
	at org.jetbrains.kotlin.com.intellij.lang.java.parser.BasicOldExpressionParser.parseBinary(BasicOldExpressionParser.java:185)
	at org.jetbrains.kotlin.com.intellij.lang.java.parser.BasicOldExpressionParser.parseExpression(BasicOldExpressionParser.java:157)
	at org.jetbrains.kotlin.com.intellij.lang.java.parser.BasicOldExpressionParser.parseBinary(BasicOldExpressionParser.java:185)
	at org.jetbrains.kotlin.com.intellij.lang.java.parser.BasicOldExpressionParser.parseExpression(BasicOldExpressionParser.java:154)
	at org.jetbrains.kotlin.com.intellij.lang.java.parser.BasicOldExpressionParser.parseBinary(BasicOldExpressionParser.java:185)
	at org.jetbrains.kotlin.com.intellij.lang.java.parser.BasicOldExpressionParser.parseExpression(BasicOldExpressionParser.java:151)
	at org.jetbrains.kotlin.com.intellij.lang.java.parser.BasicOldExpressionParser.parseBinary(BasicOldExpressionParser.java:185)
	at org.jetbrains.kotlin.com.intellij.lang.java.parser.BasicOldExpressionParser.parseExpression(BasicOldExpressionParser.java:148)
	at org.jetbrains.kotlin.com.intellij.lang.java.parser.BasicOldExpressionParser.parseBinary(BasicOldExpressionParser.java:185)
	at org.jetbrains.kotlin.com.intellij.lang.java.parser.BasicOldExpressionParser.parseExpression(BasicOldExpressionParser.java:145)
	at org.jetbrains.kotlin.com.intellij.lang.java.parser.BasicOldExpressionParser.parseBinary(BasicOldExpressionParser.java:185)
	at org.jetbrains.kotlin.com.intellij.lang.java.parser.BasicOldExpressionParser.parseExpression(BasicOldExpressionParser.java:142)
	at org.jetbrains.kotlin.com.intellij.lang.java.parser.BasicOldExpressionParser.parseConditional(BasicOldExpressionParser.java:106)
	at org.jetbrains.kotlin.com.intellij.lang.java.parser.BasicOldExpressionParser.parseAssignment(BasicOldExpressionParser.java:79)
	at org.jetbrains.kotlin.com.intellij.lang.java.parser.BasicOldExpressionParser.parseAssignment(BasicOldExpressionParser.java:75)
	at org.jetbrains.kotlin.com.intellij.lang.java.parser.BasicOldExpressionParser.parse(BasicOldExpressionParser.java:57)
	at org.jetbrains.kotlin.com.intellij.lang.java.parser.BasicOldExpressionParser.parseArgumentList(BasicOldExpressionParser.java:991)
	at org.jetbrains.kotlin.com.intellij.lang.java.parser.BasicOldExpressionParser.parsePrimary(BasicOldExpressionParser.java:464)
	at org.jetbrains.kotlin.com.intellij.lang.java.parser.BasicOldExpressionParser.parsePostfix(BasicOldExpressionParser.java:324)
	at org.jetbrains.kotlin.com.intellij.lang.java.parser.BasicOldExpressionParser.parseUnary(BasicOldExpressionParser.java:318)
	at org.jetbrains.kotlin.com.intellij.lang.java.parser.BasicOldExpressionParser.parseExpression(BasicOldExpressionParser.java:172)
	at org.jetbrains.kotlin.com.intellij.lang.java.parser.BasicOldExpressionParser.parseBinary(BasicOldExpressionParser.java:185)
	at org.jetbrains.kotlin.com.intellij.lang.java.parser.BasicOldExpressionParser.parseExpression(BasicOldExpressionParser.java:169)
	at org.jetbrains.kotlin.com.intellij.lang.java.parser.BasicOldExpressionParser.parseBinary(BasicOldExpressionParser.java:185)
	at org.jetbrains.kotlin.com.intellij.lang.java.parser.BasicOldExpressionParser.parseExpression(BasicOldExpressionParser.java:166)
	at org.jetbrains.kotlin.com.intellij.lang.java.parser.BasicOldExpressionParser.parseBinary(BasicOldExpressionParser.java:185)
	at org.jetbrains.kotlin.com.intellij.lang.java.parser.BasicOldExpressionParser.parseExpression(BasicOldExpressionParser.java:163)
	at org.jetbrains.kotlin.com.intellij.lang.java.parser.BasicOldExpressionParser.parseRelational(BasicOldExpressionParser.java:217)
	at org.jetbrains.kotlin.com.intellij.lang.java.parser.BasicOldExpressionParser.parseExpression(BasicOldExpressionParser.java:160)
	at org.jetbrains.kotlin.com.intellij.lang.java.parser.BasicOldExpressionParser.parseBinary(BasicOldExpressionParser.java:185)
	at org.jetbrains.kotlin.com.intellij.lang.java.parser.BasicOldExpressionParser.parseExpression(BasicOldExpressionParser.java:157)
	at org.jetbrains.kotlin.com.intellij.lang.java.parser.BasicOldExpressionParser.parseBinary(BasicOldExpressionParser.java:185)
	at org.jetbrains.kotlin.com.intellij.lang.java.parser.BasicOldExpressionParser.parseExpression(BasicOldExpressionParser.java:154)
	at org.jetbrains.kotlin.com.intellij.lang.java.parser.BasicOldExpressionParser.parseBinary(BasicOldExpressionParser.java:185)
	at org.jetbrains.kotlin.com.intellij.lang.java.parser.BasicOldExpressionParser.parseExpression(BasicOldExpressionParser.java:151)
	at org.jetbrains.kotlin.com.intellij.lang.java.parser.BasicOldExpressionParser.parseBinary(BasicOldExpressionParser.java:185)
	at org.jetbrains.kotlin.com.intellij.lang.java.parser.BasicOldExpressionParser.parseExpression(BasicOldExpressionParser.java:148)
	at org.jetbrains.kotlin.com.intellij.lang.java.parser.BasicOldExpressionParser.parseBinary(BasicOldExpressionParser.java:185)
	at org.jetbrains.kotlin.com.intellij.lang.java.parser.BasicOldExpressionParser.parseExpression(BasicOldExpressionParser.java:145)
	at org.jetbrains.kotlin.com.intellij.lang.java.parser.BasicOldExpressionParser.parseBinary(BasicOldExpressionParser.java:185)
	at org.jetbrains.kotlin.com.intellij.lang.java.parser.BasicOldExpressionParser.parseExpression(BasicOldExpressionParser.java:142)
	at org.jetbrains.kotlin.com.intellij.lang.java.parser.BasicOldExpressionParser.parseConditional(BasicOldExpressionParser.java:106)
	at org.jetbrains.kotlin.com.intellij.lang.java.parser.BasicOldExpressionParser.parseAssignment(BasicOldExpressionParser.java:79)
	at org.jetbrains.kotlin.com.intellij.lang.java.parser.BasicOldExpressionParser.parseAssignment(BasicOldExpressionParser.java:75)
	at org.jetbrains.kotlin.com.intellij.lang.java.parser.BasicOldExpressionParser.parse(BasicOldExpressionParser.java:57)
	at org.jetbrains.kotlin.com.intellij.lang.java.parser.BasicOldExpressionParser.parseArgumentList(BasicOldExpressionParser.java:991)
	at org.jetbrains.kotlin.com.intellij.lang.java.parser.BasicOldExpressionParser.parsePrimary(BasicOldExpressionParser.java:464)
	at org.jetbrains.kotlin.com.intellij.lang.java.parser.BasicOldExpressionParser.parsePostfix(BasicOldExpressionParser.java:324)
	at org.jetbrains.kotlin.com.intellij.lang.java.parser.BasicOldExpressionParser.parseUnary(BasicOldExpressionParser.java:318)
	at org.jetbrains.kotlin.com.intellij.lang.java.parser.BasicOldExpressionParser.parseExpression(BasicOldExpressionParser.java:172)
	at org.jetbrains.kotlin.com.intellij.lang.java.parser.BasicOldExpressionParser.parseBinary(BasicOldExpressionParser.java:185)
	at org.jetbrains.kotlin.com.intellij.lang.java.parser.BasicOldExpressionParser.parseExpression(BasicOldExpressionParser.java:169)
	at org.jetbrains.kotlin.com.intellij.lang.java.parser.BasicOldExpressionParser.parseBinary(BasicOldExpressionParser.java:185)
	at org.jetbrains.kotlin.com.intellij.lang.java.parser.BasicOldExpressionParser.parseExpression(BasicOldExpressionParser.java:166)
	at org.jetbrains.kotlin.com.intellij.lang.java.parser.BasicOldExpressionParser.parseBinary(BasicOldExpressionParser.java:185)
	at org.jetbrains.kotlin.com.intellij.lang.java.parser.BasicOldExpressionParser.parseExpression(BasicOldExpressionParser.java:163)
	at org.jetbrains.kotlin.com.intellij.lang.java.parser.BasicOldExpressionParser.parseRelational(BasicOldExpressionParser.java:217)
	at org.jetbrains.kotlin.com.intellij.lang.java.parser.BasicOldExpressionParser.parseExpression(BasicOldExpressionParser.java:160)
	at org.jetbrains.kotlin.com.intellij.lang.java.parser.BasicOldExpressionParser.parseBinary(BasicOldExpressionParser.java:185)
	at org.jetbrains.kotlin.com.intellij.lang.java.parser.BasicOldExpressionParser.parseExpression(BasicOldExpressionParser.java:157)
	at org.jetbrains.kotlin.com.intellij.lang.java.parser.BasicOldExpressionParser.parseBinary(BasicOldExpressionParser.java:185)
	at org.jetbrains.kotlin.com.intellij.lang.java.parser.BasicOldExpressionParser.parseExpression(BasicOldExpressionParser.java:154)
	at org.jetbrains.kotlin.com.intellij.lang.java.parser.BasicOldExpressionParser.parseBinary(BasicOldExpressionParser.java:185)
	at org.jetbrains.kotlin.com.intellij.lang.java.parser.BasicOldExpressionParser.parseExpression(BasicOldExpressionParser.java:151)
	at org.jetbrains.kotlin.com.intellij.lang.java.parser.BasicOldExpressionParser.parseBinary(BasicOldExpressionParser.java:185)
	at org.jetbrains.kotlin.com.intellij.lang.java.parser.BasicOldExpressionParser.parseExpression(BasicOldExpressionParser.java:148)
	at org.jetbrains.kotlin.com.intellij.lang.java.parser.BasicOldExpressionParser.parseBinary(BasicOldExpressionParser.java:185)
	at org.jetbrains.kotlin.com.intellij.lang.java.parser.BasicOldExpressionParser.parseExpression(BasicOldExpressionParser.java:145)
	at org.jetbrains.kotlin.com.intellij.lang.java.parser.BasicOldExpressionParser.parseBinary(BasicOldExpressionParser.java:185)
	at org.jetbrains.kotlin.com.intellij.lang.java.parser.BasicOldExpressionParser.parseExpression(BasicOldExpressionParser.java:142)
	at org.jetbrains.kotlin.com.intellij.lang.java.parser.BasicOldExpressionParser.parseConditional(BasicOldExpressionParser.java:106)
	at org.jetbrains.kotlin.com.intellij.lang.java.parser.BasicOldExpressionParser.parseAssignment(BasicOldExpressionParser.java:79)
	at org.jetbrains.kotlin.com.intellij.lang.java.parser.BasicOldExpressionParser.parseAssignment(BasicOldExpressionParser.java:75)
	at org.jetbrains.kotlin.com.intellij.lang.java.parser.BasicOldExpressionParser.parse(BasicOldExpressionParser.java:57)
	at org.jetbrains.kotlin.com.intellij.lang.java.parser.BasicOldExpressionParser.parseArgumentList(BasicOldExpressionParser.java:991)
	at org.jetbrains.kotlin.com.intellij.lang.java.parser.BasicOldExpressionParser.parsePrimary(BasicOldExpressionParser.java:464)
	at org.jetbrains.kotlin.com.intellij.lang.java.parser.BasicOldExpressionParser.parsePostfix(BasicOldExpressionParser.java:324)
	at org.jetbrains.kotlin.com.intellij.lang.java.parser.BasicOldExpressionParser.parseUnary(BasicOldExpressionParser.java:318)
	at org.jetbrains.kotlin.com.intellij.lang.java.parser.BasicOldExpressionParser.parseExpression(BasicOldExpressionParser.java:172)
	at org.jetbrains.kotlin.com.intellij.lang.java.parser.BasicOldExpressionParser.parseBinary(BasicOldExpressionParser.java:185)
	at org.jetbrains.kotlin.com.intellij.lang.java.parser.BasicOldExpressionParser.parseExpression(BasicOldExpressionParser.java:169)
	at org.jetbrains.kotlin.com.intellij.lang.java.parser.BasicOldExpressionParser.parseBinary(BasicOldExpressionParser.java:185)
	at org.jetbrains.kotlin.com.intellij.lang.java.parser.BasicOldExpressionParser.parseExpression(BasicOldExpressionParser.java:166)
	at org.jetbrains.kotlin.com.intellij.lang.java.parser.BasicOldExpressionParser.parseBinary(BasicOldExpressionParser.java:185)
	at org.jetbrains.kotlin.com.intellij.lang.java.parser.BasicOldExpressionParser.parseExpression(BasicOldExpressionParser.java:163)
	at org.jetbrains.kotlin.com.intellij.lang.java.parser.BasicOldExpressionParser.parseRelational(BasicOldExpressionParser.java:217)
	at org.jetbrains.kotlin.com.intellij.lang.java.parser.BasicOldExpressionParser.parseExpression(BasicOldExpressionParser.java:160)
	at org.jetbrains.kotlin.com.intellij.lang.java.parser.BasicOldExpressionParser.parseBinary(BasicOldExpressionParser.java:185)
	at org.jetbrains.kotlin.com.intellij.lang.java.parser.BasicOldExpressionParser.parseExpression(BasicOldExpressionParser.java:157)
	at org.jetbrains.kotlin.com.intellij.lang.java.parser.BasicOldExpressionParser.parseBinary(BasicOldExpressionParser.java:185)
	at org.jetbrains.kotlin.com.intellij.lang.java.parser.BasicOldExpressionParser.parseExpression(BasicOldExpressionParser.java:154)
	at org.jetbrains.kotlin.com.intellij.lang.java.parser.BasicOldExpressionParser.parseBinary(BasicOldExpressionParser.java:185)
	at org.jetbrains.kotlin.com.intellij.lang.java.parser.BasicOldExpressionParser.parseExpression(BasicOldExpressionParser.java:151)
	at org.jetbrains.kotlin.com.intellij.lang.java.parser.BasicOldExpressionParser.parseBinary(BasicOldExpressionParser.java:185)
	at org.jetbrains.kotlin.com.intellij.lang.java.parser.BasicOldExpressionParser.parseExpression(BasicOldExpressionParser.java:148)
	at org.jetbrains.kotlin.com.intellij.lang.java.parser.BasicOldExpressionParser.parseBinary(BasicOldExpressionParser.java:185)
	at org.jetbrains.kotlin.com.intellij.lang.java.parser.BasicOldExpressionParser.parseExpression(BasicOldExpressionParser.java:145)
	at org.jetbrains.kotlin.com.intellij.lang.java.parser.BasicOldExpressionParser.parseBinary(BasicOldExpressionParser.java:185)
	at org.jetbrains.kotlin.com.intellij.lang.java.parser.BasicOldExpressionParser.parseExpression(BasicOldExpressionParser.java:142)
	at org.jetbrains.kotlin.com.intellij.lang.java.parser.BasicOldExpressionParser.parseConditional(BasicOldExpressionParser.java:106)
	at org.jetbrains.kotlin.com.intellij.lang.java.parser.BasicOldExpressionParser.parseAssignment(BasicOldExpressionParser.java:79)
	at org.jetbrains.kotlin.com.intellij.lang.java.parser.BasicOldExpressionParser.parseAssignment(BasicOldExpressionParser.java:75)
	at org.jetbrains.kotlin.com.intellij.lang.java.parser.BasicOldExpressionParser.parse(BasicOldExpressionParser.java:57)
	at org.jetbrains.kotlin.com.intellij.lang.java.parser.BasicOldExpressionParser.parseArgumentList(BasicOldExpressionParser.java:991)
	at org.jetbrains.kotlin.com.intellij.lang.java.parser.BasicOldExpressionParser.parsePrimary(BasicOldExpressionParser.java:464)
	at org.jetbrains.kotlin.com.intellij.lang.java.parser.BasicOldExpressionParser.parsePostfix(BasicOldExpressionParser.java:324)
	at org.jetbrains.kotlin.com.intellij.lang.java.parser.BasicOldExpressionParser.parseUnary(BasicOldExpressionParser.java:318)
	at org.jetbrains.kotlin.com.intellij.lang.java.parser.BasicOldExpressionParser.parseExpression(BasicOldExpressionParser.java:172)
	at org.jetbrains.kotlin.com.intellij.lang.java.parser.BasicOldExpressionParser.parseBinary(BasicOldExpressionParser.java:185)
	at org.jetbrains.kotlin.com.intellij.lang.java.parser.BasicOldExpressionParser.parseExpression(BasicOldExpressionParser.java:169)
	at org.jetbrains.kotlin.com.intellij.lang.java.parser.BasicOldExpressionParser.parseBinary(BasicOldExpressionParser.java:185)
	at org.jetbrains.kotlin.com.intellij.lang.java.parser.BasicOldExpressionParser.parseExpression(BasicOldExpressionParser.java:166)
	at org.jetbrains.kotlin.com.intellij.lang.java.parser.BasicOldExpressionParser.parseBinary(BasicOldExpressionParser.java:185)
	at org.jetbrains.kotlin.com.intellij.lang.java.parser.BasicOldExpressionParser.parseExpression(BasicOldExpressionParser.java:163)
	at org.jetbrains.kotlin.com.intellij.lang.java.parser.BasicOldExpressionParser.parseRelational(BasicOldExpressionParser.java:217)
	at org.jetbrains.kotlin.com.intellij.lang.java.parser.BasicOldExpressionParser.parseExpression(BasicOldExpressionParser.java:160)
	at org.jetbrains.kotlin.com.intellij.lang.java.parser.BasicOldExpressionParser.parseBinary(BasicOldExpressionParser.java:185)
	at org.jetbrains.kotlin.com.intellij.lang.java.parser.BasicOldExpressionParser.parseExpression(BasicOldExpressionParser.java:157)
	at org.jetbrains.kotlin.com.intellij.lang.java.parser.BasicOldExpressionParser.parseBinary(BasicOldExpressionParser.java:185)
	at org.jetbrains.kotlin.com.intellij.lang.java.parser.BasicOldExpressionParser.parseExpression(BasicOldExpressionParser.java:154)
	at org.jetbrains.kotlin.com.intellij.lang.java.parser.BasicOldExpressionParser.parseBinary(BasicOldExpressionParser.java:185)
	at org.jetbrains.kotlin.com.intellij.lang.java.parser.BasicOldExpressionParser.parseExpression(BasicOldExpressionParser.java:151)
	at org.jetbrains.kotlin.com.intellij.lang.java.parser.BasicOldExpressionParser.parseBinary(BasicOldExpressionParser.java:185)
	at org.jetbrains.kotlin.com.intellij.lang.java.parser.BasicOldExpressionParser.parseExpression(BasicOldExpressionParser.java:148)
	at org.jetbrains.kotlin.com.intellij.lang.java.parser.BasicOldExpressionParser.parseBinary(BasicOldExpressionParser.java:185)
	at org.jetbrains.kotlin.com.intellij.lang.java.parser.BasicOldExpressionParser.parseExpression(BasicOldExpressionParser.java:145)
	at org.jetbrains.kotlin.com.intellij.lang.java.parser.BasicOldExpressionParser.parseBinary(BasicOldExpressionParser.java:185)
	at org.jetbrains.kotlin.com.intellij.lang.java.parser.BasicOldExpressionParser.parseExpression(BasicOldExpressionParser.java:142)
	at org.jetbrains.kotlin.com.intellij.lang.java.parser.BasicOldExpressionParser.parseConditional(BasicOldExpressionParser.java:106)
	at org.jetbrains.kotlin.com.intellij.lang.java.parser.BasicOldExpressionParser.parseAssignment(BasicOldExpressionParser.java:79)
	at org.jetbrains.kotlin.com.intellij.lang.java.parser.BasicOldExpressionParser.parseAssignment(BasicOldExpressionParser.java:75)
	at org.jetbrains.kotlin.com.intellij.lang.java.parser.BasicOldExpressionParser.parse(BasicOldExpressionParser.java:57)
	at org.jetbrains.kotlin.com.intellij.lang.java.parser.BasicOldExpressionParser.parseArgumentList(BasicOldExpressionParser.java:991)
	at org.jetbrains.kotlin.com.intellij.lang.java.parser.BasicOldExpressionParser.parsePrimary(BasicOldExpressionParser.java:464)
	at org.jetbrains.kotlin.com.intellij.lang.java.parser.BasicOldExpressionParser.parsePostfix(BasicOldExpressionParser.java:324)
	at org.jetbrains.kotlin.com.intellij.lang.java.parser.BasicOldExpressionParser.parseUnary(BasicOldExpressionParser.java:318)
	at org.jetbrains.kotlin.com.intellij.lang.java.parser.BasicOldExpressionParser.parseExpression(BasicOldExpressionParser.java:172)
	at org.jetbrains.kotlin.com.intellij.lang.java.parser.BasicOldExpressionParser.parseBinary(BasicOldExpressionParser.java:185)
	at org.jetbrains.kotlin.com.intellij.lang.java.parser.BasicOldExpressionParser.parseExpression(BasicOldExpressionParser.java:169)
	at org.jetbrains.kotlin.com.intellij.lang.java.parser.BasicOldExpressionParser.parseBinary(BasicOldExpressionParser.java:185)
	at org.jetbrains.kotlin.com.intellij.lang.java.parser.BasicOldExpressionParser.parseExpression(BasicOldExpressionParser.java:166)
	at org.jetbrains.kotlin.com.intellij.lang.java.parser.BasicOldExpressionParser.parseBinary(BasicOldExpressionParser.java:185)
	at org.jetbrains.kotlin.com.intellij.lang.java.parser.BasicOldExpressionParser.parseExpression(BasicOldExpressionParser.java:163)
	at org.jetbrains.kotlin.com.intellij.lang.java.parser.BasicOldExpressionParser.parseRelational(BasicOldExpressionParser.java:217)
	at org.jetbrains.kotlin.com.intellij.lang.java.parser.BasicOldExpressionParser.parseExpression(BasicOldExpressionParser.java:160)
	at org.jetbrains.kotlin.com.intellij.lang.java.parser.BasicOldExpressionParser.parseBinary(BasicOldExpressionParser.java:185)
	at org.jetbrains.kotlin.com.intellij.lang.java.parser.BasicOldExpressionParser.parseExpression(BasicOldExpressionParser.java:157)
	at org.jetbrains.kotlin.com.intellij.lang.java.parser.BasicOldExpressionParser.parseBinary(BasicOldExpressionParser.java:185)
	at org.jetbrains.kotlin.com.intellij.lang.java.parser.BasicOldExpressionParser.parseExpression(BasicOldExpressionParser.java:154)
	at org.jetbrains.kotlin.com.intellij.lang.java.parser.BasicOldExpressionParser.parseBinary(BasicOldExpressionParser.java:185)
	at org.jetbrains.kotlin.com.intellij.lang.java.parser.BasicOldExpressionParser.parseExpression(BasicOldExpressionParser.java:151)
	at org.jetbrains.kotlin.com.intellij.lang.java.parser.BasicOldExpressionParser.parseBinary(BasicOldExpressionParser.java:185)
	at org.jetbrains.kotlin.com.intellij.lang.java.parser.BasicOldExpressionParser.parseExpression(BasicOldExpressionParser.java:148)
	at org.jetbrains.kotlin.com.intellij.lang.java.parser.BasicOldExpressionParser.parseBinary(BasicOldExpressionParser.java:185)
	at org.jetbrains.kotlin.com.intellij.lang.java.parser.BasicOldExpressionParser.parseExpression(BasicOldExpressionParser.java:145)
	at org.jetbrains.kotlin.com.intellij.lang.java.parser.BasicOldExpressionParser.parseBinary(BasicOldExpressionParser.java:185)
	at org.jetbrains.kotlin.com.intellij.lang.java.parser.BasicOldExpressionParser.parseExpression(BasicOldExpressionParser.java:142)
	at org.jetbrains.kotlin.com.intellij.lang.java.parser.BasicOldExpressionParser.parseConditional(BasicOldExpressionParser.java:106)
	at org.jetbrains.kotlin.com.intellij.lang.java.parser.BasicOldExpressionParser.parseAssignment(BasicOldExpressionParser.java:79)
	at org.jetbrains.kotlin.com.intellij.lang.java.parser.BasicOldExpressionParser.parseAssignment(BasicOldExpressionParser.java:75)
	at org.jetbrains.kotlin.com.intellij.lang.java.parser.BasicOldExpressionParser.parse(BasicOldExpressionParser.java:57)
	at org.jetbrains.kotlin.com.intellij.lang.java.parser.BasicOldExpressionParser.parseArgumentList(BasicOldExpressionParser.java:991)
	at org.jetbrains.kotlin.com.intellij.lang.java.parser.BasicOldExpressionParser.parsePrimary(BasicOldExpressionParser.java:464)
	at org.jetbrains.kotlin.com.intellij.lang.java.parser.BasicOldExpressionParser.parsePostfix(BasicOldExpressionParser.java:324)
	at org.jetbrains.kotlin.com.intellij.lang.java.parser.BasicOldExpressionParser.parseUnary(BasicOldExpressionParser.java:318)
	at org.jetbrains.kotlin.com.intellij.lang.java.parser.BasicOldExpressionParser.parseExpression(BasicOldExpressionParser.java:172)
	at org.jetbrains.kotlin.com.intellij.lang.java.parser.BasicOldExpressionParser.parseBinary(BasicOldExpressionParser.java:185)
	at org.jetbrains.kotlin.com.intellij.lang.java.parser.BasicOldExpressionParser.parseExpression(BasicOldExpressionParser.java:169)
	at org.jetbrains.kotlin.com.intellij.lang.java.parser.BasicOldExpressionParser.parseBinary(BasicOldExpressionParser.java:185)
	at org.jetbrains.kotlin.com.intellij.lang.java.parser.BasicOldExpressionParser.parseExpression(BasicOldExpressionParser.java:166)
	at org.jetbrains.kotlin.com.intellij.lang.java.parser.BasicOldExpressionParser.parseBinary(BasicOldExpressionParser.java:185)
	at org.jetbrains.kotlin.com.intellij.lang.java.parser.BasicOldExpressionParser.parseExpression(BasicOldExpressionParser.java:163)
	at org.jetbrains.kotlin.com.intellij.lang.java.parser.BasicOldExpressionParser.parseRelational(BasicOldExpressionParser.java:217)
	at org.jetbrains.kotlin.com.intellij.lang.java.parser.BasicOldExpressionParser.parseExpression(BasicOldExpressionParser.java:160)
	at org.jetbrains.kotlin.com.intellij.lang.java.parser.BasicOldExpressionParser.parseBinary(BasicOldExpressionParser.java:185)
	at org.jetbrains.kotlin.com.intellij.lang.java.parser.BasicOldExpressionParser.parseExpression(BasicOldExpressionParser.java:157)
	at org.jetbrains.kotlin.com.intellij.lang.java.parser.BasicOldExpressionParser.parseBinary(BasicOldExpressionParser.java:185)
	at org.jetbrains.kotlin.com.intellij.lang.java.parser.BasicOldExpressionParser.parseExpression(BasicOldExpressionParser.java:154)
	at org.jetbrains.kotlin.com.intellij.lang.java.parser.BasicOldExpressionParser.parseBinary(BasicOldExpressionParser.java:185)
	at org.jetbrains.kotlin.com.intellij.lang.java.parser.BasicOldExpressionParser.parseExpression(BasicOldExpressionParser.java:151)
	at org.jetbrains.kotlin.com.intellij.lang.java.parser.BasicOldExpressionParser.parseBinary(BasicOldExpressionParser.java:185)
	at org.jetbrains.kotlin.com.intellij.lang.java.parser.BasicOldExpressionParser.parseExpression(BasicOldExpressionParser.java:148)
	at org.jetbrains.kotlin.com.intellij.lang.java.parser.BasicOldExpressionParser.parseBinary(BasicOldExpressionParser.java:185)
	at org.jetbrains.kotlin.com.intellij.lang.java.parser.BasicOldExpressionParser.parseExpression(BasicOldExpressionParser.java:145)
	at org.jetbrains.kotlin.com.intellij.lang.java.parser.BasicOldExpressionParser.parseBinary(BasicOldExpressionParser.java:185)
	at org.jetbrains.kotlin.com.intellij.lang.java.parser.BasicOldExpressionParser.parseExpression(BasicOldExpressionParser.java:142)
	at org.jetbrains.kotlin.com.intellij.lang.java.parser.BasicOldExpressionParser.parseConditional(BasicOldExpressionParser.java:106)
	at org.jetbrains.kotlin.com.intellij.lang.java.parser.BasicOldExpressionParser.parseAssignment(BasicOldExpressionParser.java:79)
	at org.jetbrains.kotlin.com.intellij.lang.java.parser.BasicOldExpressionParser.parseAssignment(BasicOldExpressionParser.java:75)
	at org.jetbrains.kotlin.com.intellij.lang.java.parser.BasicOldExpressionParser.parse(BasicOldExpressionParser.java:57)
	at org.jetbrains.kotlin.com.intellij.lang.java.parser.BasicOldExpressionParser.parseArgumentList(BasicOldExpressionParser.java:991)
	at org.jetbrains.kotlin.com.intellij.lang.java.parser.BasicOldExpressionParser.parsePrimary(BasicOldExpressionParser.java:464)
	at org.jetbrains.kotlin.com.intellij.lang.java.parser.BasicOldExpressionParser.parsePostfix(BasicOldExpressionParser.java:324)
	at org.jetbrains.kotlin.com.intellij.lang.java.parser.BasicOldExpressionParser.parseUnary(BasicOldExpressionParser.java:318)
	at org.jetbrains.kotlin.com.intellij.lang.java.parser.BasicOldExpressionParser.parseExpression(BasicOldExpressionParser.java:172)
	at org.jetbrains.kotlin.com.intellij.lang.java.parser.BasicOldExpressionParser.parseBinary(BasicOldExpressionParser.java:185)
	at org.jetbrains.kotlin.com.intellij.lang.java.parser.BasicOldExpressionParser.parseExpression(BasicOldExpressionParser.java:169)
	at org.jetbrains.kotlin.com.intellij.lang.java.parser.BasicOldExpressionParser.parseBinary(BasicOldExpressionParser.java:185)
	at org.jetbrains.kotlin.com.intellij.lang.java.parser.BasicOldExpressionParser.parseExpression(BasicOldExpressionParser.java:166)
	at org.jetbrains.kotlin.com.intellij.lang.java.parser.BasicOldExpressionParser.parseBinary(BasicOldExpressionParser.java:185)
	at org.jetbrains.kotlin.com.intellij.lang.java.parser.BasicOldExpressionParser.parseExpression(BasicOldExpressionParser.java:163)
	at org.jetbrains.kotlin.com.intellij.lang.java.parser.BasicOldExpressionParser.parseRelational(BasicOldExpressionParser.java:217)
	at org.jetbrains.kotlin.com.intellij.lang.java.parser.BasicOldExpressionParser.parseExpression(BasicOldExpressionParser.java:160)
	at org.jetbrains.kotlin.com.intellij.lang.java.parser.BasicOldExpressionParser.parseBinary(BasicOldExpressionParser.java:185)
	at org.jetbrains.kotlin.com.intellij.lang.java.parser.BasicOldExpressionParser.parseExpression(BasicOldExpressionParser.java:157)
	at org.jetbrains.kotlin.com.intellij.lang.java.parser.BasicOldExpressionParser.parseBinary(BasicOldExpressionParser.java:185)
	at org.jetbrains.kotlin.com.intellij.lang.java.parser.BasicOldExpressionParser.parseExpression(BasicOldExpressionParser.java:154)
	at org.jetbrains.kotlin.com.intellij.lang.java.parser.BasicOldExpressionParser.parseBinary(BasicOldExpressionParser.java:185)
	at org.jetbrains.kotlin.com.intellij.lang.java.parser.BasicOldExpressionParser.parseExpression(BasicOldExpressionParser.java:151)
	at org.jetbrains.kotlin.com.intellij.lang.java.parser.BasicOldExpressionParser.parseBinary(BasicOldExpressionParser.java:185)
	at org.jetbrains.kotlin.com.intellij.lang.java.parser.BasicOldExpressionParser.parseExpression(BasicOldExpressionParser.java:148)
	at org.jetbrains.kotlin.com.intellij.lang.java.parser.BasicOldExpressionParser.parseBinary(BasicOldExpressionParser.java:185)
	at org.jetbrains.kotlin.com.intellij.lang.java.parser.BasicOldExpressionParser.parseExpression(BasicOldExpressionParser.java:145)
	at org.jetbrains.kotlin.com.intellij.lang.java.parser.BasicOldExpressionParser.parseBinary(BasicOldExpressionParser.java:185)
	at org.jetbrains.kotlin.com.intellij.lang.java.parser.BasicOldExpressionParser.parseExpression(BasicOldExpressionParser.java:142)
	at org.jetbrains.kotlin.com.intellij.lang.java.parser.BasicOldExpressionParser.parseConditional(BasicOldExpressionParser.java:106)
	at org.jetbrains.kotlin.com.intellij.lang.java.parser.BasicOldExpressionParser.parseAssignment(BasicOldExpressionParser.java:79)
	at org.jetbrains.kotlin.com.intellij.lang.java.parser.BasicOldExpressionParser.parseAssignment(BasicOldExpressionParser.java:75)
	at org.jetbrains.kotlin.com.intellij.lang.java.parser.BasicOldExpressionParser.parse(BasicOldExpressionParser.java:57)
	at org.jetbrains.kotlin.com.intellij.lang.java.parser.BasicOldExpressionParser.parseArgumentList(BasicOldExpressionParser.java:991)
	at org.jetbrains.kotlin.com.intellij.lang.java.parser.BasicOldExpressionParser.parsePrimary(BasicOldExpressionParser.java:464)
	at org.jetbrains.kotlin.com.intellij.lang.java.parser.BasicOldExpressionParser.parsePostfix(BasicOldExpressionParser.java:324)
	at org.jetbrains.kotlin.com.intellij.lang.java.parser.BasicOldExpressionParser.parseUnary(BasicOldExpressionParser.java:318)
	at org.jetbrains.kotlin.com.intellij.lang.java.parser.BasicOldExpressionParser.parseExpression(BasicOldExpressionParser.java:172)
	at org.jetbrains.kotlin.com.intellij.lang.java.parser.BasicOldExpressionParser.parseBinary(BasicOldExpressionParser.java:185)
	at org.jetbrains.kotlin.com.intellij.lang.java.parser.BasicOldExpressionParser.parseExpression(BasicOldExpressionParser.java:169)
	at org.jetbrains.kotlin.com.intellij.lang.java.parser.BasicOldExpressionParser.parseBinary(BasicOldExpressionParser.java:185)
	at org.jetbrains.kotlin.com.intellij.lang.java.parser.BasicOldExpressionParser.parseExpression(BasicOldExpressionParser.java:166)
	at org.jetbrains.kotlin.com.intellij.lang.java.parser.BasicOldExpressionParser.parseBinary(BasicOldExpressionParser.java:185)
	at org.jetbrains.kotlin.com.intellij.lang.java.parser.BasicOldExpressionParser.parseExpression(BasicOldExpressionParser.java:163)
	at org.jetbrains.kotlin.com.intellij.lang.java.parser.BasicOldExpressionParser.parseRelational(BasicOldExpressionParser.java:217)
	at org.jetbrains.kotlin.com.intellij.lang.java.parser.BasicOldExpressionParser.parseExpression(BasicOldExpressionParser.java:160)
	at org.jetbrains.kotlin.com.intellij.lang.java.parser.BasicOldExpressionParser.parseBinary(BasicOldExpressionParser.java:185)
	at org.jetbrains.kotlin.com.intellij.lang.java.parser.BasicOldExpressionParser.parseExpression(BasicOldExpressionParser.java:157)
	at org.jetbrains.kotlin.com.intellij.lang.java.parser.BasicOldExpressionParser.parseBinary(BasicOldExpressionParser.java:185)
	at org.jetbrains.kotlin.com.intellij.lang.java.parser.BasicOldExpressionParser.parseExpression(BasicOldExpressionParser.java:154)
	at org.jetbrains.kotlin.com.intellij.lang.java.parser.BasicOldExpressionParser.parseBinary(BasicOldExpressionParser.java:185)
	at org.jetbrains.kotlin.com.intellij.lang.java.parser.BasicOldExpressionParser.parseExpression(BasicOldExpressionParser.java:151)
	at org.jetbrains.kotlin.com.intellij.lang.java.parser.BasicOldExpressionParser.parseBinary(BasicOldExpressionParser.java:185)
	at org.jetbrains.kotlin.com.intellij.lang.java.parser.BasicOldExpressionParser.parseExpression(BasicOldExpressionParser.java:148)
	at org.jetbrains.kotlin.com.intellij.lang.java.parser.BasicOldExpressionParser.parseBinary(BasicOldExpressionParser.java:185)
	at org.jetbrains.kotlin.com.intellij.lang.java.parser.BasicOldExpressionParser.parseExpression(BasicOldExpressionParser.java:145)
	at org.jetbrains.kotlin.com.intellij.lang.java.parser.BasicOldExpressionParser.parseBinary(BasicOldExpressionParser.java:185)
	at org.jetbrains.kotlin.com.intellij.lang.java.parser.BasicOldExpressionParser.parseExpression(BasicOldExpressionParser.java:142)
	at org.jetbrains.kotlin.com.intellij.lang.java.parser.BasicOldExpressionParser.parseConditional(BasicOldExpressionParser.java:106)
	at org.jetbrains.kotlin.com.intellij.lang.java.parser.BasicOldExpressionParser.parseAssignment(BasicOldExpressionParser.java:79)
	at org.jetbrains.kotlin.com.intellij.lang.java.parser.BasicOldExpressionParser.parseAssignment(BasicOldExpressionParser.java:75)
	at org.jetbrains.kotlin.com.intellij.lang.java.parser.BasicOldExpressionParser.parse(BasicOldExpressionParser.java:57)
	at org.jetbrains.kotlin.com.intellij.lang.java.parser.BasicOldExpressionParser.parseArgumentList(BasicOldExpressionParser.java:991)
	at org.jetbrains.kotlin.com.intellij.lang.java.parser.BasicOldExpressionParser.parsePrimary(BasicOldExpressionParser.java:464)
	at org.jetbrains.kotlin.com.intellij.lang.java.parser.BasicOldExpressionParser.parsePostfix(BasicOldExpressionParser.java:324)
	at org.jetbrains.kotlin.com.intellij.lang.java.parser.BasicOldExpressionParser.parseUnary(BasicOldExpressionParser.java:318)
	at org.jetbrains.kotlin.com.intellij.lang.java.parser.BasicOldExpressionParser.parseExpression(BasicOldExpressionParser.java:172)
	at org.jetbrains.kotlin.com.intellij.lang.java.parser.BasicOldExpressionParser.parseBinary(BasicOldExpressionParser.java:185)
	at org.jetbrains.kotlin.com.intellij.lang.java.parser.BasicOldExpressionParser.parseExpression(BasicOldExpressionParser.java:169)
	at org.jetbrains.kotlin.com.intellij.lang.java.parser.BasicOldExpressionParser.parseBinary(BasicOldExpressionParser.java:185)
	at org.jetbrains.kotlin.com.intellij.lang.java.parser.BasicOldExpressionParser.parseExpression(BasicOldExpressionParser.java:166)
	at org.jetbrains.kotlin.com.intellij.lang.java.parser.BasicOldExpressionParser.parseBinary(BasicOldExpressionParser.java:185)
	at org.jetbrains.kotlin.com.intellij.lang.java.parser.BasicOldExpressionParser.parseExpression(BasicOldExpressionParser.java:163)
	at org.jetbrains.kotlin.com.intellij.lang.java.parser.BasicOldExpressionParser.parseRelational(BasicOldExpressionParser.java:217)
	at org.jetbrains.kotlin.com.intellij.lang.java.parser.BasicOldExpressionParser.parseExpression(BasicOldExpressionParser.java:160)
	at org.jetbrains.kotlin.com.intellij.lang.java.parser.BasicOldExpressionParser.parseBinary(BasicOldExpressionParser.java:185)
	at org.jetbrains.kotlin.com.intellij.lang.java.parser.BasicOldExpressionParser.parseExpression(BasicOldExpressionParser.java:157)
	at org.jetbrains.kotlin.com.intellij.lang.java.parser.BasicOldExpressionParser.parseBinary(BasicOldExpressionParser.java:185)
	at org.jetbrains.kotlin.com.intellij.lang.java.parser.BasicOldExpressionParser.parseExpression(BasicOldExpressionParser.java:154)
	at org.jetbrains.kotlin.com.intellij.lang.java.parser.BasicOldExpressionParser.parseBinary(BasicOldExpressionParser.java:185)
	at org.jetbrains.kotlin.com.intellij.lang.java.parser.BasicOldExpressionParser.parseExpression(BasicOldExpressionParser.java:151)
	at org.jetbrains.kotlin.com.intellij.lang.java.parser.BasicOldExpressionParser.parseBinary(BasicOldExpressionParser.java:185)
	at org.jetbrains.kotlin.com.intellij.lang.java.parser.BasicOldExpressionParser.parseExpression(BasicOldExpressionParser.java:148)
	at org.jetbrains.kotlin.com.intellij.lang.java.parser.BasicOldExpressionParser.parseBinary(BasicOldExpressionParser.java:185)
	at org.jetbrains.kotlin.com.intellij.lang.java.parser.BasicOldExpressionParser.parseExpression(BasicOldExpressionParser.java:145)
	at org.jetbrains.kotlin.com.intellij.lang.java.parser.BasicOldExpressionParser.parseBinary(BasicOldExpressionParser.java:185)
	at org.jetbrains.kotlin.com.intellij.lang.java.parser.BasicOldExpressionParser.parseExpression(BasicOldExpressionParser.java:142)
	at org.jetbrains.kotlin.com.intellij.lang.java.parser.BasicOldExpressionParser.parseConditional(BasicOldExpressionParser.java:106)
	at org.jetbrains.kotlin.com.intellij.lang.java.parser.BasicOldExpressionParser.parseAssignment(BasicOldExpressionParser.java:79)
	at org.jetbrains.kotlin.com.intellij.lang.java.parser.BasicOldExpressionParser.parseAssignment(BasicOldExpressionParser.java:75)
	at org.jetbrains.kotlin.com.intellij.lang.java.parser.BasicOldExpressionParser.parse(BasicOldExpressionParser.java:57)
	at org.jetbrains.kotlin.com.intellij.lang.java.parser.BasicOldExpressionParser.parseArgumentList(BasicOldExpressionParser.java:991)
	at org.jetbrains.kotlin.com.intellij.lang.java.parser.BasicOldExpressionParser.parsePrimary(BasicOldExpressionParser.java:464)
	at org.jetbrains.kotlin.com.intellij.lang.java.parser.BasicOldExpressionParser.parsePostfix(BasicOldExpressionParser.java:324)
	at org.jetbrains.kotlin.com.intellij.lang.java.parser.BasicOldExpressionParser.parseUnary(BasicOldExpressionParser.java:318)
	at org.jetbrains.kotlin.com.intellij.lang.java.parser.BasicOldExpressionParser.parseExpression(BasicOldExpressionParser.java:172)
	at org.jetbrains.kotlin.com.intellij.lang.java.parser.BasicOldExpressionParser.parseBinary(BasicOldExpressionParser.java:185)
	at org.jetbrains.kotlin.com.intellij.lang.java.parser.BasicOldExpressionParser.parseExpression(BasicOldExpressionParser.java:169)
	at org.jetbrains.kotlin.com.intellij.lang.java.parser.BasicOldExpressionParser.parseBinary(BasicOldExpressionParser.java:185)
	at org.jetbrains.kotlin.com.intellij.lang.java.parser.BasicOldExpressionParser.parseExpression(BasicOldExpressionParser.java:166)
	at org.jetbrains.kotlin.com.intellij.lang.java.parser.BasicOldExpressionParser.parseBinary(BasicOldExpressionParser.java:185)
	at org.jetbrains.kotlin.com.intellij.lang.java.parser.BasicOldExpressionParser.parseExpression(BasicOldExpressionParser.java:163)
	at org.jetbrains.kotlin.com.intellij.lang.java.parser.BasicOldExpressionParser.parseRelational(BasicOldExpressionParser.java:217)
	at org.jetbrains.kotlin.com.intellij.lang.java.parser.BasicOldExpressionParser.parseExpression(BasicOldExpressionParser.java:160)
	at org.jetbrains.kotlin.com.intellij.lang.java.parser.BasicOldExpressionParser.parseBinary(BasicOldExpressionParser.java:185)
	at org.jetbrains.kotlin.com.intellij.lang.java.parser.BasicOldExpressionParser.parseExpression(BasicOldExpressionParser.java:157)
	at org.jetbrains.kotlin.com.intellij.lang.java.parser.BasicOldExpressionParser.parseBinary(BasicOldExpressionParser.java:185)
	at org.jetbrains.kotlin.com.intellij.lang.java.parser.BasicOldExpressionParser.parseExpression(BasicOldExpressionParser.java:154)
	at org.jetbrains.kotlin.com.intellij.lang.java.parser.BasicOldExpressionParser.parseBinary(BasicOldExpressionParser.java:185)
	at org.jetbrains.kotlin.com.intellij.lang.java.parser.BasicOldExpressionParser.parseExpression(BasicOldExpressionParser.java:151)
	at org.jetbrains.kotlin.com.intellij.lang.java.parser.BasicOldExpressionParser.parseBinary(BasicOldExpressionParser.java:185)
	at org.jetbrains.kotlin.com.intellij.lang.java.parser.BasicOldExpressionParser.parseExpression(BasicOldExpressionParser.java:148)
	at org.jetbrains.kotlin.com.intellij.lang.java.parser.BasicOldExpressionParser.parseBinary(BasicOldExpressionParser.java:185)
	at org.jetbrains.kotlin.com.intellij.lang.java.parser.BasicOldExpressionParser.parseExpression(BasicOldExpressionParser.java:145)
	at org.jetbrains.kotlin.com.intellij.lang.java.parser.BasicOldExpressionParser.parseBinary(BasicOldExpressionParser.java:185)
	at org.jetbrains.kotlin.com.intellij.lang.java.parser.BasicOldExpressionParser.parseExpression(BasicOldExpressionParser.java:142)
	at org.jetbrains.kotlin.com.intellij.lang.java.parser.BasicOldExpressionParser.parseConditional(BasicOldExpressionParser.java:106)
	at org.jetbrains.kotlin.com.intellij.lang.java.parser.BasicOldExpressionParser.parseAssignment(BasicOldExpressionParser.java:79)
	at org.jetbrains.kotlin.com.intellij.lang.java.parser.BasicOldExpressionParser.parseAssignment(BasicOldExpressionParser.java:75)
	at org.jetbrains.kotlin.com.intellij.lang.java.parser.BasicOldExpressionParser.parse(BasicOldExpressionParser.java:57)
	at org.jetbrains.kotlin.com.intellij.lang.java.parser.BasicOldExpressionParser.parseArgumentList(BasicOldExpressionParser.java:991)
	at org.jetbrains.kotlin.com.intellij.lang.java.parser.BasicOldExpressionParser.parsePrimary(BasicOldExpressionParser.java:464)
	at org.jetbrains.kotlin.com.intellij.lang.java.parser.BasicOldExpressionParser.parsePostfix(BasicOldExpressionParser.java:324)
	at org.jetbrains.kotlin.com.intellij.lang.java.parser.BasicOldExpressionParser.parseUnary(BasicOldExpressionParser.java:318)
	at org.jetbrains.kotlin.com.intellij.lang.java.parser.BasicOldExpressionParser.parseExpression(BasicOldExpressionParser.java:172)
	at org.jetbrains.kotlin.com.intellij.lang.java.parser.BasicOldExpressionParser.parseBinary(BasicOldExpressionParser.java:185)
	at org.jetbrains.kotlin.com.intellij.lang.java.parser.BasicOldExpressionParser.parseExpression(BasicOldExpressionParser.java:169)
	at org.jetbrains.kotlin.com.intellij.lang.java.parser.BasicOldExpressionParser.parseBinary(BasicOldExpressionParser.java:185)
	at org.jetbrains.kotlin.com.intellij.lang.java.parser.BasicOldExpressionParser.parseExpression(BasicOldExpressionParser.java:166)
	at org.jetbrains.kotlin.com.intellij.lang.java.parser.BasicOldExpressionParser.parseBinary(BasicOldExpressionParser.java:185)
	at org.jetbrains.kotlin.com.intellij.lang.java.parser.BasicOldExpressionParser.parseExpression(BasicOldExpressionParser.java:163)
	at org.jetbrains.kotlin.com.intellij.lang.java.parser.BasicOldExpressionParser.parseRelational(BasicOldExpressionParser.java:217)
	at org.jetbrains.kotlin.com.intellij.lang.java.parser.BasicOldExpressionParser.parseExpression(BasicOldExpressionParser.java:160)
	at org.jetbrains.kotlin.com.intellij.lang.java.parser.BasicOldExpressionParser.parseBinary(BasicOldExpressionParser.java:185)
	at org.jetbrains.kotlin.com.intellij.lang.java.parser.BasicOldExpressionParser.parseExpression(BasicOldExpressionParser.java:157)
	at org.jetbrains.kotlin.com.intellij.lang.java.parser.BasicOldExpressionParser.parseBinary(BasicOldExpressionParser.java:185)
	at org.jetbrains.kotlin.com.intellij.lang.java.parser.BasicOldExpressionParser.parseExpression(BasicOldExpressionParser.java:154)
	at org.jetbrains.kotlin.com.intellij.lang.java.parser.BasicOldExpressionParser.parseBinary(BasicOldExpressionParser.java:185)
	at org.jetbrains.kotlin.com.intellij.lang.java.parser.BasicOldExpressionParser.parseExpression(BasicOldExpressionParser.java:151)
	at org.jetbrains.kotlin.com.intellij.lang.java.parser.BasicOldExpressionParser.parseBinary(BasicOldExpressionParser.java:185)
	at org.jetbrains.kotlin.com.intellij.lang.java.parser.BasicOldExpressionParser.parseExpression(BasicOldExpressionParser.java:148)
	at org.jetbrains.kotlin.com.intellij.lang.java.parser.BasicOldExpressionParser.parseBinary(BasicOldExpressionParser.java:185)
	at org.jetbrains.kotlin.com.intellij.lang.java.parser.BasicOldExpressionParser.parseExpression(BasicOldExpressionParser.java:145)
	at org.jetbrains.kotlin.com.intellij.lang.java.parser.BasicOldExpressionParser.parseBinary(BasicOldExpressionParser.java:185)
	at org.jetbrains.kotlin.com.intellij.lang.java.parser.BasicOldExpressionParser.parseExpression(BasicOldExpressionParser.java:142)
	at org.jetbrains.kotlin.com.intellij.lang.java.parser.BasicOldExpressionParser.parseConditional(BasicOldExpressionParser.java:106)
	at org.jetbrains.kotlin.com.intellij.lang.java.parser.BasicOldExpressionParser.parseAssignment(BasicOldExpressionParser.java:79)
	at org.jetbrains.kotlin.com.intellij.lang.java.parser.BasicOldExpressionParser.parseAssignment(BasicOldExpressionParser.java:75)
	at org.jetbrains.kotlin.com.intellij.lang.java.parser.BasicOldExpressionParser.parse(BasicOldExpressionParser.java:57)
	at org.jetbrains.kotlin.com.intellij.lang.java.parser.BasicOldExpressionParser.parseArgumentList(BasicOldExpressionParser.java:991)
	at org.jetbrains.kotlin.com.intellij.lang.java.parser.BasicOldExpressionParser.parsePrimary(BasicOldExpressionParser.java:464)
	at org.jetbrains.kotlin.com.intellij.lang.java.parser.BasicOldExpressionParser.parsePostfix(BasicOldExpressionParser.java:324)
	at org.jetbrains.kotlin.com.intellij.lang.java.parser.BasicOldExpressionParser.parseUnary(BasicOldExpressionParser.java:318)
	at org.jetbrains.kotlin.com.intellij.lang.java.parser.BasicOldExpressionParser.parseExpression(BasicOldExpressionParser.java:172)
	at org.jetbrains.kotlin.com.intellij.lang.java.parser.BasicOldExpressionParser.parseBinary(BasicOldExpressionParser.java:185)
	at org.jetbrains.kotlin.com.intellij.lang.java.parser.BasicOldExpressionParser.parseExpression(BasicOldExpressionParser.java:169)
	at org.jetbrains.kotlin.com.intellij.lang.java.parser.BasicOldExpressionParser.parseBinary(BasicOldExpressionParser.java:185)
	at org.jetbrains.kotlin.com.intellij.lang.java.parser.BasicOldExpressionParser.parseExpression(BasicOldExpressionParser.java:166)
	at org.jetbrains.kotlin.com.intellij.lang.java.parser.BasicOldExpressionParser.parseBinary(BasicOldExpressionParser.java:185)
	at org.jetbrains.kotlin.com.intellij.lang.java.parser.BasicOldExpressionParser.parseExpression(BasicOldExpressionParser.java:163)
	at org.jetbrains.kotlin.com.intellij.lang.java.parser.BasicOldExpressionParser.parseRelational(BasicOldExpressionParser.java:217)
	at org.jetbrains.kotlin.com.intellij.lang.java.parser.BasicOldExpressionParser.parseExpression(BasicOldExpressionParser.java:160)
	at org.jetbrains.kotlin.com.intellij.lang.java.parser.BasicOldExpressionParser.parseBinary(BasicOldExpressionParser.java:185)
	at org.jetbrains.kotlin.com.intellij.lang.java.parser.BasicOldExpressionParser.parseExpression(BasicOldExpressionParser.java:157)
	at org.jetbrains.kotlin.com.intellij.lang.java.parser.BasicOldExpressionParser.parseBinary(BasicOldExpressionParser.java:185)
	at org.jetbrains.kotlin.com.intellij.lang.java.parser.BasicOldExpressionParser.parseExpression(BasicOldExpressionParser.java:154)
	at org.jetbrains.kotlin.com.intellij.lang.java.parser.BasicOldExpressionParser.parseBinary(BasicOldExpressionParser.java:185)
	at org.jetbrains.kotlin.com.intellij.lang.java.parser.BasicOldExpressionParser.parseExpression(BasicOldExpressionParser.java:151)
	at org.jetbrains.kotlin.com.intellij.lang.java.parser.BasicOldExpressionParser.parseBinary(BasicOldExpressionParser.java:185)
	at org.jetbrains.kotlin.com.intellij.lang.java.parser.BasicOldExpressionParser.parseExpression(BasicOldExpressionParser.java:148)
	at org.jetbrains.kotlin.com.intellij.lang.java.parser.BasicOldExpressionParser.parseBinary(BasicOldExpressionParser.java:185)
	at org.jetbrains.kotlin.com.intellij.lang.java.parser.BasicOldExpressionParser.parseExpression(BasicOldExpressionParser.java:145)
	at org.jetbrains.kotlin.com.intellij.lang.java.parser.BasicOldExpressionParser.parseBinary(BasicOldExpressionParser.java:185)
	at org.jetbrains.kotlin.com.intellij.lang.java.parser.BasicOldExpressionParser.parseExpression(BasicOldExpressionParser.java:142)
	at org.jetbrains.kotlin.com.intellij.lang.java.parser.BasicOldExpressionParser.parseConditional(BasicOldExpressionParser.java:106)
	at org.jetbrains.kotlin.com.intellij.lang.java.parser.BasicOldExpressionParser.parseAssignment(BasicOldExpressionParser.java:79)
	at org.jetbrains.kotlin.com.intellij.lang.java.parser.BasicOldExpressionParser.parseAssignment(BasicOldExpressionParser.java:75)
	at org.jetbrains.kotlin.com.intellij.lang.java.parser.BasicOldExpressionParser.parse(BasicOldExpressionParser.java:57)
	at org.jetbrains.kotlin.com.intellij.lang.java.parser.BasicOldExpressionParser.parseArgumentList(BasicOldExpressionParser.java:991)
	at org.jetbrains.kotlin.com.intellij.lang.java.parser.BasicOldExpressionParser.parsePrimary(BasicOldExpressionParser.java:464)
	at org.jetbrains.kotlin.com.intellij.lang.java.parser.BasicOldExpressionParser.parsePostfix(BasicOldExpressionParser.java:324)
	at org.jetbrains.kotlin.com.intellij.lang.java.parser.BasicOldExpressionParser.parseUnary(BasicOldExpressionParser.java:318)
	at org.jetbrains.kotlin.com.intellij.lang.java.parser.BasicOldExpressionParser.parseExpression(BasicOldExpressionParser.java:172)
	at org.jetbrains.kotlin.com.intellij.lang.java.parser.BasicOldExpressionParser.parseBinary(BasicOldExpressionParser.java:185)
	at org.jetbrains.kotlin.com.intellij.lang.java.parser.BasicOldExpressionParser.parseExpression(BasicOldExpressionParser.java:169)
	at org.jetbrains.kotlin.com.intellij.lang.java.parser.BasicOldExpressionParser.parseBinary(BasicOldExpressionParser.java:185)
	at org.jetbrains.kotlin.com.intellij.lang.java.parser.BasicOldExpressionParser.parseExpression(BasicOldExpressionParser.java:166)
	at org.jetbrains.kotlin.com.intellij.lang.java.parser.BasicOldExpressionParser.parseBinary(BasicOldExpressionParser.java:185)
	at org.jetbrains.kotlin.com.intellij.lang.java.parser.BasicOldExpressionParser.parseExpression(BasicOldExpressionParser.java:163)
	at org.jetbrains.kotlin.com.intellij.lang.java.parser.BasicOldExpressionParser.parseRelational(BasicOldExpressionParser.java:217)
	at org.jetbrains.kotlin.com.intellij.lang.java.parser.BasicOldExpressionParser.parseExpression(BasicOldExpressionParser.java:160)
	at org.jetbrains.kotlin.com.intellij.lang.java.parser.BasicOldExpressionParser.parseBinary(BasicOldExpressionParser.java:185)
	at org.jetbrains.kotlin.com.intellij.lang.java.parser.BasicOldExpressionParser.parseExpression(BasicOldExpressionParser.java:157)
	at org.jetbrains.kotlin.com.intellij.lang.java.parser.BasicOldExpressionParser.parseBinary(BasicOldExpressionParser.java:185)
	at org.jetbrains.kotlin.com.intellij.lang.java.parser.BasicOldExpressionParser.parseExpression(BasicOldExpressionParser.java:154)
	at org.jetbrains.kotlin.com.intellij.lang.java.parser.BasicOldExpressionParser.parseBinary(BasicOldExpressionParser.java:185)
	at org.jetbrains.kotlin.com.intellij.lang.java.parser.BasicOldExpressionParser.parseExpression(BasicOldExpressionParser.java:151)
	at org.jetbrains.kotlin.com.intellij.lang.java.parser.BasicOldExpressionParser.parseBinary(BasicOldExpressionParser.java:185)
	at org.jetbrains.kotlin.com.intellij.lang.java.parser.BasicOldExpressionParser.parseExpression(BasicOldExpressionParser.java:148)
	at org.jetbrains.kotlin.com.intellij.lang.java.parser.BasicOldExpressionParser.parseBinary(BasicOldExpressionParser.java:185)
	at org.jetbrains.kotlin.com.intellij.lang.java.parser.BasicOldExpressionParser.parseExpression(BasicOldExpressionParser.java:145)
	at org.jetbrains.kotlin.com.intellij.lang.java.parser.BasicOldExpressionParser.parseBinary(BasicOldExpressionParser.java:185)
	at org.jetbrains.kotlin.com.intellij.lang.java.parser.BasicOldExpressionParser.parseExpression(BasicOldExpressionParser.java:142)
	at org.jetbrains.kotlin.com.intellij.lang.java.parser.BasicOldExpressionParser.parseConditional(BasicOldExpressionParser.java:106)
	at org.jetbrains.kotlin.com.intellij.lang.java.parser.BasicOldExpressionParser.parseAssignment(BasicOldExpressionParser.java:79)
	at org.jetbrains.kotlin.com.intellij.lang.java.parser.BasicOldExpressionParser.parseAssignment(BasicOldExpressionParser.java:75)
	at org.jetbrains.kotlin.com.intellij.lang.java.parser.BasicOldExpressionParser.parse(BasicOldExpressionParser.java:57)
	at org.jetbrains.kotlin.com.intellij.lang.java.parser.BasicOldExpressionParser.parseArgumentList(BasicOldExpressionParser.java:991)
	at org.jetbrains.kotlin.com.intellij.lang.java.parser.BasicOldExpressionParser.parsePrimary(BasicOldExpressionParser.java:464)
	at org.jetbrains.kotlin.com.intellij.lang.java.parser.BasicOldExpressionParser.parsePostfix(BasicOldExpressionParser.java:324)
	at org.jetbrains.kotlin.com.intellij.lang.java.parser.BasicOldExpressionParser.parseUnary(BasicOldExpressionParser.java:318)
	at org.jetbrains.kotlin.com.intellij.lang.java.parser.BasicOldExpressionParser.parseExpression(BasicOldExpressionParser.java:172)
	at org.jetbrains.kotlin.com.intellij.lang.java.parser.BasicOldExpressionParser.parseBinary(BasicOldExpressionParser.java:185)
	at org.jetbrains.kotlin.com.intellij.lang.java.parser.BasicOldExpressionParser.parseExpression(BasicOldExpressionParser.java:169)
	at org.jetbrains.kotlin.com.intellij.lang.java.parser.BasicOldExpressionParser.parseBinary(BasicOldExpressionParser.java:185)
	at org.jetbrains.kotlin.com.intellij.lang.java.parser.BasicOldExpressionParser.parseExpression(BasicOldExpressionParser.java:166)
	at org.jetbrains.kotlin.com.intellij.lang.java.parser.BasicOldExpressionParser.parseBinary(BasicOldExpressionParser.java:185)
	at org.jetbrains.kotlin.com.intellij.lang.java.parser.BasicOldExpressionParser.parseExpression(BasicOldExpressionParser.java:163)
	at org.jetbrains.kotlin.com.intellij.lang.java.parser.BasicOldExpressionParser.parseRelational(BasicOldExpressionParser.java:217)
	at org.jetbrains.kotlin.com.intellij.lang.java.parser.BasicOldExpressionParser.parseExpression(BasicOldExpressionParser.java:160)
	at org.jetbrains.kotlin.com.intellij.lang.java.parser.BasicOldExpressionParser.parseBinary(BasicOldExpressionParser.java:185)
	at org.jetbrains.kotlin.com.intellij.lang.java.parser.BasicOldExpressionParser.parseExpression(BasicOldExpressionParser.java:157)
	at org.jetbrains.kotlin.com.intellij.lang.java.parser.BasicOldExpressionParser.parseBinary(BasicOldExpressionParser.java:185)
	at org.jetbrains.kotlin.com.intellij.lang.java.parser.BasicOldExpressionParser.parseExpression(BasicOldExpressionParser.java:154)
	at org.jetbrains.kotlin.com.intellij.lang.java.parser.BasicOldExpressionParser.parseBinary(BasicOldExpressionParser.java:185)
	at org.jetbrains.kotlin.com.intellij.lang.java.parser.BasicOldExpressionParser.parseExpression(BasicOldExpressionParser.java:151)
	at org.jetbrains.kotlin.com.intellij.lang.java.parser.BasicOldExpressionParser.parseBinary(BasicOldExpressionParser.java:185)
	at org.jetbrains.kotlin.com.intellij.lang.java.parser.BasicOldExpressionParser.parseExpression(BasicOldExpressionParser.java:148)
	at org.jetbrains.kotlin.com.intellij.lang.java.parser.BasicOldExpressionParser.parseBinary(BasicOldExpressionParser.java:185)
	at org.jetbrains.kotlin.com.intellij.lang.java.parser.BasicOldExpressionParser.parseExpression(BasicOldExpressionParser.java:145)
	at org.jetbrains.kotlin.com.intellij.lang.java.parser.BasicOldExpressionParser.parseBinary(BasicOldExpressionParser.java:185)
	at org.jetbrains.kotlin.com.intellij.lang.java.parser.BasicOldExpressionParser.parseExpression(BasicOldExpressionParser.java:142)
	at org.jetbrains.kotlin.com.intellij.lang.java.parser.BasicOldExpressionParser.parseConditional(BasicOldExpressionParser.java:106)
	at org.jetbrains.kotlin.com.intellij.lang.java.parser.BasicOldExpressionParser.parseAssignment(BasicOldExpressionParser.java:79)
	at org.jetbrains.kotlin.com.intellij.lang.java.parser.BasicOldExpressionParser.parseAssignment(BasicOldExpressionParser.java:75)
	at org.jetbrains.kotlin.com.intellij.lang.java.parser.BasicOldExpressionParser.parse(BasicOldExpressionParser.java:57)
	at org.jetbrains.kotlin.com.intellij.lang.java.parser.BasicOldExpressionParser.parseArgumentList(BasicOldExpressionParser.java:991)
	at org.jetbrains.kotlin.com.intellij.lang.java.parser.BasicOldExpressionParser.parsePrimary(BasicOldExpressionParser.java:464)
	at org.jetbrains.kotlin.com.intellij.lang.java.parser.BasicOldExpressionParser.parsePostfix(BasicOldExpressionParser.java:324)
	at org.jetbrains.kotlin.com.intellij.lang.java.parser.BasicOldExpressionParser.parseUnary(BasicOldExpressionParser.java:318)
	at org.jetbrains.kotlin.com.intellij.lang.java.parser.BasicOldExpressionParser.parseExpression(BasicOldExpressionParser.java:172)
	at org.jetbrains.kotlin.com.intellij.lang.java.parser.BasicOldExpressionParser.parseBinary(BasicOldExpressionParser.java:185)
	at org.jetbrains.kotlin.com.intellij.lang.java.parser.BasicOldExpressionParser.parseExpression(BasicOldExpressionParser.java:169)
	at org.jetbrains.kotlin.com.intellij.lang.java.parser.BasicOldExpressionParser.parseBinary(BasicOldExpressionParser.java:185)
	at org.jetbrains.kotlin.com.intellij.lang.java.parser.BasicOldExpressionParser.parseExpression(BasicOldExpressionParser.java:166)
	at org.jetbrains.kotlin.com.intellij.lang.java.parser.BasicOldExpressionParser.parseBinary(BasicOldExpressionParser.java:185)
	at org.jetbrains.kotlin.com.intellij.lang.java.parser.BasicOldExpressionParser.parseExpression(BasicOldExpressionParser.java:163)
	at org.jetbrains.kotlin.com.intellij.lang.java.parser.BasicOldExpressionParser.parseRelational(BasicOldExpressionParser.java:217)
	at org.jetbrains.kotlin.com.intellij.lang.java.parser.BasicOldExpressionParser.parseExpression(BasicOldExpressionParser.java:160)
	at org.jetbrains.kotlin.com.intellij.lang.java.parser.BasicOldExpressionParser.parseBinary(BasicOldExpressionParser.java:185)
	at org.jetbrains.kotlin.com.intellij.lang.java.parser.BasicOldExpressionParser.parseExpression(BasicOldExpressionParser.java:157)
	at org.jetbrains.kotlin.com.intellij.lang.java.parser.BasicOldExpressionParser.parseBinary(BasicOldExpressionParser.java:185)
	at org.jetbrains.kotlin.com.intellij.lang.java.parser.BasicOldExpressionParser.parseExpression(BasicOldExpressionParser.java:154)
	at org.jetbrains.kotlin.com.intellij.lang.java.parser.BasicOldExpressionParser.parseBinary(BasicOldExpressionParser.java:185)
	at org.jetbrains.kotlin.com.intellij.lang.java.parser.BasicOldExpressionParser.parseExpression(BasicOldExpressionParser.java:151)
	at org.jetbrains.kotlin.com.intellij.lang.java.parser.BasicOldExpressionParser.parseBinary(BasicOldExpressionParser.java:185)
	at org.jetbrains.kotlin.com.intellij.lang.java.parser.BasicOldExpressionParser.parseExpression(BasicOldExpressionParser.java:148)
	at org.jetbrains.kotlin.com.intellij.lang.java.parser.BasicOldExpressionParser.parseBinary(BasicOldExpressionParser.java:185)
	at org.jetbrains.kotlin.com.intellij.lang.java.parser.BasicOldExpressionParser.parseExpression(BasicOldExpressionParser.java:145)
	at org.jetbrains.kotlin.com.intellij.lang.java.parser.BasicOldExpressionParser.parseBinary(BasicOldExpressionParser.java:185)
	at org.jetbrains.kotlin.com.intellij.lang.java.parser.BasicOldExpressionParser.parseExpression(BasicOldExpressionParser.java:142)
	at org.jetbrains.kotlin.com.intellij.lang.java.parser.BasicOldExpressionParser.parseConditional(BasicOldExpressionParser.java:106)
	at org.jetbrains.kotlin.com.intellij.lang.java.parser.BasicOldExpressionParser.parseAssignment(BasicOldExpressionParser.java:79)
	at org.jetbrains.kotlin.com.intellij.lang.java.parser.BasicOldExpressionParser.parseAssignment(BasicOldExpressionParser.java:75)
	at org.jetbrains.kotlin.com.intellij.lang.java.parser.BasicOldExpressionParser.parse(BasicOldExpressionParser.java:57)
	at org.jetbrains.kotlin.com.intellij.lang.java.parser.BasicOldExpressionParser.parseArgumentList(BasicOldExpressionParser.java:991)
	at org.jetbrains.kotlin.com.intellij.lang.java.parser.BasicOldExpressionParser.parsePrimary(BasicOldExpressionParser.java:464)
	at org.jetbrains.kotlin.com.intellij.lang.java.parser.BasicOldExpressionParser.parsePostfix(BasicOldExpressionParser.java:324)
	at org.jetbrains.kotlin.com.intellij.lang.java.parser.BasicOldExpressionParser.parseUnary(BasicOldExpressionParser.java:318)
	at org.jetbrains.kotlin.com.intellij.lang.java.parser.BasicOldExpressionParser.parseExpression(BasicOldExpressionParser.java:172)
	at org.jetbrains.kotlin.com.intellij.lang.java.parser.BasicOldExpressionParser.parseBinary(BasicOldExpressionParser.java:185)
	at org.jetbrains.kotlin.com.intellij.lang.java.parser.BasicOldExpressionParser.parseExpression(BasicOldExpressionParser.java:169)
	at org.jetbrains.kotlin.com.intellij.lang.java.parser.BasicOldExpressionParser.parseBinary(BasicOldExpressionParser.java:185)
	at org.jetbrains.kotlin.com.intellij.lang.java.parser.BasicOldExpressionParser.parseExpression(BasicOldExpressionParser.java:166)
	at org.jetbrains.kotlin.com.intellij.lang.java.parser.BasicOldExpressionParser.parseBinary(BasicOldExpressionParser.java:185)
	at org.jetbrains.kotlin.com.intellij.lang.java.parser.BasicOldExpressionParser.parseExpression(BasicOldExpressionParser.java:163)
	at org.jetbrains.kotlin.com.intellij.lang.java.parser.BasicOldExpressionParser.parseRelational(BasicOldExpressionParser.java:217)
	at org.jetbrains.kotlin.com.intellij.lang.java.parser.BasicOldExpressionParser.parseExpression(BasicOldExpressionParser.java:160)
	at org.jetbrains.kotlin.com.intellij.lang.java.parser.BasicOldExpressionParser.parseBinary(BasicOldExpressionParser.java:185)
	at org.jetbrains.kotlin.com.intellij.lang.java.parser.BasicOldExpressionParser.parseExpression(BasicOldExpressionParser.java:157)
	at org.jetbrains.kotlin.com.intellij.lang.java.parser.BasicOldExpressionParser.parseBinary(BasicOldExpressionParser.java:185)
	at org.jetbrains.kotlin.com.intellij.lang.java.parser.BasicOldExpressionParser.parseExpression(BasicOldExpressionParser.java:154)
	at org.jetbrains.kotlin.com.intellij.lang.java.parser.BasicOldExpressionParser.parseBinary(BasicOldExpressionParser.java:185)
	at org.jetbrains.kotlin.com.intellij.lang.java.parser.BasicOldExpressionParser.parseExpression(BasicOldExpressionParser.java:151)
	at org.jetbrains.kotlin.com.intellij.lang.java.parser.BasicOldExpressionParser.parseBinary(BasicOldExpressionParser.java:185)
	at org.jetbrains.kotlin.com.intellij.lang.java.parser.BasicOldExpressionParser.parseExpression(BasicOldExpressionParser.java:148)
	at org.jetbrains.kotlin.com.intellij.lang.java.parser.BasicOldExpressionParser.parseBinary(BasicOldExpressionParser.java:185)
	at org.jetbrains.kotlin.com.intellij.lang.java.parser.BasicOldExpressionParser.parseExpression(BasicOldExpressionParser.java:145)
	at org.jetbrains.kotlin.com.intellij.lang.java.parser.BasicOldExpressionParser.parseBinary(BasicOldExpressionParser.java:185)
	at org.jetbrains.kotlin.com.intellij.lang.java.parser.BasicOldExpressionParser.parseExpression(BasicOldExpressionParser.java:142)
	at org.jetbrains.kotlin.com.intellij.lang.java.parser.BasicOldExpressionParser.parseConditional(BasicOldExpressionParser.java:106)
	at org.jetbrains.kotlin.com.intellij.lang.java.parser.BasicOldExpressionParser.parseAssignment(BasicOldExpressionParser.java:79)
	at org.jetbrains.kotlin.com.intellij.lang.java.parser.BasicOldExpressionParser.parseAssignment(BasicOldExpressionParser.java:75)
	at org.jetbrains.kotlin.com.intellij.lang.java.parser.BasicOldExpressionParser.parse(BasicOldExpressionParser.java:57)
	at org.jetbrains.kotlin.com.intellij.lang.java.parser.BasicOldExpressionParser.parseArgumentList(BasicOldExpressionParser.java:991)
	at org.jetbrains.kotlin.com.intellij.lang.java.parser.BasicOldExpressionParser.parsePrimary(BasicOldExpressionParser.java:464)
	at org.jetbrains.kotlin.com.intellij.lang.java.parser.BasicOldExpressionParser.parsePostfix(BasicOldExpressionParser.java:324)
	at org.jetbrains.kotlin.com.intellij.lang.java.parser.BasicOldExpressionParser.parseUnary(BasicOldExpressionParser.java:318)
	at org.jetbrains.kotlin.com.intellij.lang.java.parser.BasicOldExpressionParser.parseExpression(BasicOldExpressionParser.java:172)
	at org.jetbrains.kotlin.com.intellij.lang.java.parser.BasicOldExpressionParser.parseBinary(BasicOldExpressionParser.java:185)
	at org.jetbrains.kotlin.com.intellij.lang.java.parser.BasicOldExpressionParser.parseExpression(BasicOldExpressionParser.java:169)
	at org.jetbrains.kotlin.com.intellij.lang.java.parser.BasicOldExpressionParser.parseBinary(BasicOldExpressionParser.java:185)
	at org.jetbrains.kotlin.com.intellij.lang.java.parser.BasicOldExpressionParser.parseExpression(BasicOldExpressionParser.java:166)
	at org.jetbrains.kotlin.com.intellij.lang.java.parser.BasicOldExpressionParser.parseBinary(BasicOldExpressionParser.java:185)
	at org.jetbrains.kotlin.com.intellij.lang.java.parser.BasicOldExpressionParser.parseExpression(BasicOldExpressionParser.java:163)
	at org.jetbrains.kotlin.com.intellij.lang.java.parser.BasicOldExpressionParser.parseRelational(BasicOldExpressionParser.java:217)
	at org.jetbrains.kotlin.com.intellij.lang.java.parser.BasicOldExpressionParser.parseExpression(BasicOldExpressionParser.java:160)
	at org.jetbrains.kotlin.com.intellij.lang.java.parser.BasicOldExpressionParser.parseBinary(BasicOldExpressionParser.java:185)
	at org.jetbrains.kotlin.com.intellij.lang.java.parser.BasicOldExpressionParser.parseExpression(BasicOldExpressionParser.java:157)
	at org.jetbrains.kotlin.com.intellij.lang.java.parser.BasicOldExpressionParser.parseBinary(BasicOldExpressionParser.java:185)
	at org.jetbrains.kotlin.com.intellij.lang.java.parser.BasicOldExpressionParser.parseExpression(BasicOldExpressionParser.java:154)
	at org.jetbrains.kotlin.com.intellij.lang.java.parser.BasicOldExpressionParser.parseBinary(BasicOldExpressionParser.java:185)
	at org.jetbrains.kotlin.com.intellij.lang.java.parser.BasicOldExpressionParser.parseExpression(BasicOldExpressionParser.java:151)
	at org.jetbrains.kotlin.com.intellij.lang.java.parser.BasicOldExpressionParser.parseBinary(BasicOldExpressionParser.java:185)
	at org.jetbrains.kotlin.com.intellij.lang.java.parser.BasicOldExpressionParser.parseExpression(BasicOldExpressionParser.java:148)
	at org.jetbrains.kotlin.com.intellij.lang.java.parser.BasicOldExpressionParser.parseBinary(BasicOldExpressionParser.java:185)
	at org.jetbrains.kotlin.com.intellij.lang.java.parser.BasicOldExpressionParser.parseExpression(BasicOldExpressionParser.java:145)
	at org.jetbrains.kotlin.com.intellij.lang.java.parser.BasicOldExpressionParser.parseBinary(BasicOldExpressionParser.java:185)
	at org.jetbrains.kotlin.com.intellij.lang.java.parser.BasicOldExpressionParser.parseExpression(BasicOldExpressionParser.java:142)
	at org.jetbrains.kotlin.com.intellij.lang.java.parser.BasicOldExpressionParser.parseConditional(BasicOldExpressionParser.java:106)
	at org.jetbrains.kotlin.com.intellij.lang.java.parser.BasicOldExpressionParser.parseAssignment(BasicOldExpressionParser.java:79)
	at org.jetbrains.kotlin.com.intellij.lang.java.parser.BasicOldExpressionParser.parseAssignment(BasicOldExpressionParser.java:75)
	at org.jetbrains.kotlin.com.intellij.lang.java.parser.BasicOldExpressionParser.parse(BasicOldExpressionParser.java:57)
	at org.jetbrains.kotlin.com.intellij.lang.java.parser.BasicOldExpressionParser.parseArgumentList(BasicOldExpressionParser.java:991)
	at org.jetbrains.kotlin.com.intellij.lang.java.parser.BasicOldExpressionParser.parsePrimary(BasicOldExpressionParser.java:464)
	at org.jetbrains.kotlin.com.intellij.lang.java.parser.BasicOldExpressionParser.parsePostfix(BasicOldExpressionParser.java:324)
	at org.jetbrains.kotlin.com.intellij.lang.java.parser.BasicOldExpressionParser.parseUnary(BasicOldExpressionParser.java:318)
	at org.jetbrains.kotlin.com.intellij.lang.java.parser.BasicOldExpressionParser.parseExpression(BasicOldExpressionParser.java:172)
	at org.jetbrains.kotlin.com.intellij.lang.java.parser.BasicOldExpressionParser.parseBinary(BasicOldExpressionParser.java:185)
	at org.jetbrains.kotlin.com.intellij.lang.java.parser.BasicOldExpressionParser.parseExpression(BasicOldExpressionParser.java:169)
	at org.jetbrains.kotlin.com.intellij.lang.java.parser.BasicOldExpressionParser.parseBinary(BasicOldExpressionParser.java:185)
	at org.jetbrains.kotlin.com.intellij.lang.java.parser.BasicOldExpressionParser.parseExpression(BasicOldExpressionParser.java:166)
	at org.jetbrains.kotlin.com.intellij.lang.java.parser.BasicOldExpressionParser.parseBinary(BasicOldExpressionParser.java:185)
	at org.jetbrains.kotlin.com.intellij.lang.java.parser.BasicOldExpressionParser.parseExpression(BasicOldExpressionParser.java:163)
	at org.jetbrains.kotlin.com.intellij.lang.java.parser.BasicOldExpressionParser.parseRelational(BasicOldExpressionParser.java:217)
	at org.jetbrains.kotlin.com.intellij.lang.java.parser.BasicOldExpressionParser.parseExpression(BasicOldExpressionParser.java:160)
	at org.jetbrains.kotlin.com.intellij.lang.java.parser.BasicOldExpressionParser.parseBinary(BasicOldExpressionParser.java:185)
	at org.jetbrains.kotlin.com.intellij.lang.java.parser.BasicOldExpressionParser.parseExpression(BasicOldExpressionParser.java:157)
	at org.jetbrains.kotlin.com.intellij.lang.java.parser.BasicOldExpressionParser.parseBinary(BasicOldExpressionParser.java:185)
	at org.jetbrains.kotlin.com.intellij.lang.java.parser.BasicOldExpressionParser.parseExpression(BasicOldExpressionParser.java:154)
	at org.jetbrains.kotlin.com.intellij.lang.java.parser.BasicOldExpressionParser.parseBinary(BasicOldExpressionParser.java:185)
	at org.jetbrains.kotlin.com.intellij.lang.java.parser.BasicOldExpressionParser.parseExpression(BasicOldExpressionParser.java:151)
	at org.jetbrains.kotlin.com.intellij.lang.java.parser.BasicOldExpressionParser.parseBinary(BasicOldExpressionParser.java:185)
	at org.jetbrains.kotlin.com.intellij.lang.java.parser.BasicOldExpressionParser.parseExpression(BasicOldExpressionParser.java:148)
	at org.jetbrains.kotlin.com.intellij.lang.java.parser.BasicOldExpressionParser.parseBinary(BasicOldExpressionParser.java:185)
	at org.jetbrains.kotlin.com.intellij.lang.java.parser.BasicOldExpressionParser.parseExpression(BasicOldExpressionParser.java:145)
	at org.jetbrains.kotlin.com.intellij.lang.java.parser.BasicOldExpressionParser.parseBinary(BasicOldExpressionParser.java:185)
	at org.jetbrains.kotlin.com.intellij.lang.java.parser.BasicOldExpressionParser.parseExpression(BasicOldExpressionParser.java:142)
	at org.jetbrains.kotlin.com.intellij.lang.java.parser.BasicOldExpressionParser.parseConditional(BasicOldExpressionParser.java:106)
	at org.jetbrains.kotlin.com.intellij.lang.java.parser.BasicOldExpressionParser.parseAssignment(BasicOldExpressionParser.java:79)
	at org.jetbrains.kotlin.com.intellij.lang.java.parser.BasicOldExpressionParser.parseAssignment(BasicOldExpressionParser.java:75)
	at org.jetbrains.kotlin.com.intellij.lang.java.parser.BasicOldExpressionParser.parse(BasicOldExpressionParser.java:57)
	at org.jetbrains.kotlin.com.intellij.lang.java.parser.BasicOldExpressionParser.parseArgumentList(BasicOldExpressionParser.java:991)
	at org.jetbrains.kotlin.com.intellij.lang.java.parser.BasicOldExpressionParser.parsePrimary(BasicOldExpressionParser.java:464)
	at org.jetbrains.kotlin.com.intellij.lang.java.parser.BasicOldExpressionParser.parsePostfix(BasicOldExpressionParser.java:324)
	at org.jetbrains.kotlin.com.intellij.lang.java.parser.BasicOldExpressionParser.parseUnary(BasicOldExpressionParser.java:318)
	at org.jetbrains.kotlin.com.intellij.lang.java.parser.BasicOldExpressionParser.parseExpression(BasicOldExpressionParser.java:172)
	at org.jetbrains.kotlin.com.intellij.lang.java.parser.BasicOldExpressionParser.parseBinary(BasicOldExpressionParser.java:185)
	at org.jetbrains.kotlin.com.intellij.lang.java.parser.BasicOldExpressionParser.parseExpression(BasicOldExpressionParser.java:169)
	at org.jetbrains.kotlin.com.intellij.lang.java.parser.BasicOldExpressionParser.parseBinary(BasicOldExpressionParser.java:185)
	at org.jetbrains.kotlin.com.intellij.lang.java.parser.BasicOldExpressionParser.parseExpression(BasicOldExpressionParser.java:166)
	at org.jetbrains.kotlin.com.intellij.lang.java.parser.BasicOldExpressionParser.parseBinary(BasicOldExpressionParser.java:185)
	at org.jetbrains.kotlin.com.intellij.lang.java.parser.BasicOldExpressionParser.parseExpression(BasicOldExpressionParser.java:163)
	at org.jetbrains.kotlin.com.intellij.lang.java.parser.BasicOldExpressionParser.parseRelational(BasicOldExpressionParser.java:217)
	at org.jetbrains.kotlin.com.intellij.lang.java.parser.BasicOldExpressionParser.parseExpression(BasicOldExpressionParser.java:160)
	at org.jetbrains.kotlin.com.intellij.lang.java.parser.BasicOldExpressionParser.parseBinary(BasicOldExpressionParser.java:185)
	at org.jetbrains.kotlin.com.intellij.lang.java.parser.BasicOldExpressionParser.parseExpression(BasicOldExpressionParser.java:157)
	at org.jetbrains.kotlin.com.intellij.lang.java.parser.BasicOldExpressionParser.parseBinary(BasicOldExpressionParser.java:185)
	at org.jetbrains.kotlin.com.intellij.lang.java.parser.BasicOldExpressionParser.parseExpression(BasicOldExpressionParser.java:154)
	at org.jetbrains.kotlin.com.intellij.lang.java.parser.BasicOldExpressionParser.parseBinary(BasicOldExpressionParser.java:185)
	at org.jetbrains.kotlin.com.intellij.lang.java.parser.BasicOldExpressionParser.parseExpression(BasicOldExpressionParser.java:151)
	at org.jetbrains.kotlin.com.intellij.lang.java.parser.BasicOldExpressionParser.parseBinary(BasicOldExpressionParser.java:185)
	at org.jetbrains.kotlin.com.intellij.lang.java.parser.BasicOldExpressionParser.parseExpression(BasicOldExpressionParser.java:148)
	at org.jetbrains.kotlin.com.intellij.lang.java.parser.BasicOldExpressionParser.parseBinary(BasicOldExpressionParser.java:185)
	at org.jetbrains.kotlin.com.intellij.lang.java.parser.BasicOldExpressionParser.parseExpression(BasicOldExpressionParser.java:145)
	at org.jetbrains.kotlin.com.intellij.lang.java.parser.BasicOldExpressionParser.parseBinary(BasicOldExpressionParser.java:185)
	at org.jetbrains.kotlin.com.intellij.lang.java.parser.BasicOldExpressionParser.parseExpression(BasicOldExpressionParser.java:142)
	at org.jetbrains.kotlin.com.intellij.lang.java.parser.BasicOldExpressionParser.parseConditional(BasicOldExpressionParser.java:106)
	at org.jetbrains.kotlin.com.intellij.lang.java.parser.BasicOldExpressionParser.parseAssignment(BasicOldExpressionParser.java:79)
	at org.jetbrains.kotlin.com.intellij.lang.java.parser.BasicOldExpressionParser.parseAssignment(BasicOldExpressionParser.java:75)
	at org.jetbrains.kotlin.com.intellij.lang.java.parser.BasicOldExpressionParser.parse(BasicOldExpressionParser.java:57)
	at org.jetbrains.kotlin.com.intellij.lang.java.parser.BasicOldExpressionParser.parseArgumentList(BasicOldExpressionParser.java:991)
	at org.jetbrains.kotlin.com.intellij.lang.java.parser.BasicOldExpressionParser.parsePrimary(BasicOldExpressionParser.java:464)
	at org.jetbrains.kotlin.com.intellij.lang.java.parser.BasicOldExpressionParser.parsePostfix(BasicOldExpressionParser.java:324)
	at org.jetbrains.kotlin.com.intellij.lang.java.parser.BasicOldExpressionParser.parseUnary(BasicOldExpressionParser.java:318)
	at org.jetbrains.kotlin.com.intellij.lang.java.parser.BasicOldExpressionParser.parseExpression(BasicOldExpressionParser.java:172)
	at org.jetbrains.kotlin.com.intellij.lang.java.parser.BasicOldExpressionParser.parseBinary(BasicOldExpressionParser.java:185)
	at org.jetbrains.kotlin.com.intellij.lang.java.parser.BasicOldExpressionParser.parseExpression(BasicOldExpressionParser.java:169)
	at org.jetbrains.kotlin.com.intellij.lang.java.parser.BasicOldExpressionParser.parseBinary(BasicOldExpressionParser.java:185)
	at org.jetbrains.kotlin.com.intellij.lang.java.parser.BasicOldExpressionParser.parseExpression(BasicOldExpressionParser.java:166)
	at org.jetbrains.kotlin.com.intellij.lang.java.parser.BasicOldExpressionParser.parseBinary(BasicOldExpressionParser.java:185)
	at org.jetbrains.kotlin.com.intellij.lang.java.parser.BasicOldExpressionParser.parseExpression(BasicOldExpressionParser.java:163)
	at org.jetbrains.kotlin.com.intellij.lang.java.parser.BasicOldExpressionParser.parseRelational(BasicOldExpressionParser.java:217)
	at org.jetbrains.kotlin.com.intellij.lang.java.parser.BasicOldExpressionParser.parseExpression(BasicOldExpressionParser.java:160)
	at org.jetbrains.kotlin.com.intellij.lang.java.parser.BasicOldExpressionParser.parseBinary(BasicOldExpressionParser.java:185)
	at org.jetbrains.kotlin.com.intellij.lang.java.parser.BasicOldExpressionParser.parseExpression(BasicOldExpressionParser.java:157)
	at org.jetbrains.kotlin.com.intellij.lang.java.parser.BasicOldExpressionParser.parseBinary(BasicOldExpressionParser.java:185)
	at org.jetbrains.kotlin.com.intellij.lang.java.parser.BasicOldExpressionParser.parseExpression(BasicOldExpressionParser.java:154)
	at org.jetbrains.kotlin.com.intellij.lang.java.parser.BasicOldExpressionParser.parseBinary(BasicOldExpressionParser.java:185)
	at org.jetbrains.kotlin.com.intellij.lang.java.parser.BasicOldExpressionParser.parseExpression(BasicOldExpressionParser.java:151)
	at org.jetbrains.kotlin.com.intellij.lang.java.parser.BasicOldExpressionParser.parseBinary(BasicOldExpressionParser.java:185)
	at org.jetbrains.kotlin.com.intellij.lang.java.parser.BasicOldExpressionParser.parseExpression(BasicOldExpressionParser.java:148)
	at org.jetbrains.kotlin.com.intellij.lang.java.parser.BasicOldExpressionParser.parseBinary(BasicOldExpressionParser.java:185)
	at org.jetbrains.kotlin.com.intellij.lang.java.parser.BasicOldExpressionParser.parseExpression(BasicOldExpressionParser.java:145)
	at org.jetbrains.kotlin.com.intellij.lang.java.parser.BasicOldExpressionParser.parseBinary(BasicOldExpressionParser.java:185)
	at org.jetbrains.kotlin.com.intellij.lang.java.parser.BasicOldExpressionParser.parseExpression(BasicOldExpressionParser.java:142)
	at org.jetbrains.kotlin.com.intellij.lang.java.parser.BasicOldExpressionParser.parseConditional(BasicOldExpressionParser.java:106)
	at org.jetbrains.kotlin.com.intellij.lang.java.parser.BasicOldExpressionParser.parseAssignment(BasicOldExpressionParser.java:79)
	at org.jetbrains.kotlin.com.intellij.lang.java.parser.BasicOldExpressionParser.parseAssignment(BasicOldExpressionParser.java:75)
	at org.jetbrains.kotlin.com.intellij.lang.java.parser.BasicOldExpressionParser.parse(BasicOldExpressionParser.java:57)
	at org.jetbrains.kotlin.com.intellij.lang.java.parser.BasicOldExpressionParser.parseArgumentList(BasicOldExpressionParser.java:991)
	at org.jetbrains.kotlin.com.intellij.lang.java.parser.BasicOldExpressionParser.parsePrimary(BasicOldExpressionParser.java:464)
	at org.jetbrains.kotlin.com.intellij.lang.java.parser.BasicOldExpressionParser.parsePostfix(BasicOldExpressionParser.java:324)
	at org.jetbrains.kotlin.com.intellij.lang.java.parser.BasicOldExpressionParser.parseUnary(BasicOldExpressionParser.java:318)
	at org.jetbrains.kotlin.com.intellij.lang.java.parser.BasicOldExpressionParser.parseExpression(BasicOldExpressionParser.java:172)
	at org.jetbrains.kotlin.com.intellij.lang.java.parser.BasicOldExpressionParser.parseBinary(BasicOldExpressionParser.java:185)
	at org.jetbrains.kotlin.com.intellij.lang.java.parser.BasicOldExpressionParser.parseExpression(BasicOldExpressionParser.java:169)
	at org.jetbrains.kotlin.com.intellij.lang.java.parser.BasicOldExpressionParser.parseBinary(BasicOldExpressionParser.java:185)
	at org.jetbrains.kotlin.com.intellij.lang.java.parser.BasicOldExpressionParser.parseExpression(BasicOldExpressionParser.java:166)
	at org.jetbrains.kotlin.com.intellij.lang.java.parser.BasicOldExpressionParser.parseBinary(BasicOldExpressionParser.java:185)
	at org.jetbrains.kotlin.com.intellij.lang.java.parser.BasicOldExpressionParser.parseExpression(BasicOldExpressionParser.java:163)
	at org.jetbrains.kotlin.com.intellij.lang.java.parser.BasicOldExpressionParser.parseRelational(BasicOldExpressionParser.java:217)
	at org.jetbrains.kotlin.com.intellij.lang.java.parser.BasicOldExpressionParser.parseExpression(BasicOldExpressionParser.java:160)
	at org.jetbrains.kotlin.com.intellij.lang.java.parser.BasicOldExpressionParser.parseBinary(BasicOldExpressionParser.java:185)
	at org.jetbrains.kotlin.com.intellij.lang.java.parser.BasicOldExpressionParser.parseExpression(BasicOldExpressionParser.java:157)
	at org.jetbrains.kotlin.com.intellij.lang.java.parser.BasicOldExpressionParser.parseBinary(BasicOldExpressionParser.java:185)
	at org.jetbrains.kotlin.com.intellij.lang.java.parser.BasicOldExpressionParser.parseExpression(BasicOldExpressionParser.java:154)
	at org.jetbrains.kotlin.com.intellij.lang.java.parser.BasicOldExpressionParser.parseBinary(BasicOldExpressionParser.java:185)
	at org.jetbrains.kotlin.com.intellij.lang.java.parser.BasicOldExpressionParser.parseExpression(BasicOldExpressionParser.java:151)
	at org.jetbrains.kotlin.com.intellij.lang.java.parser.BasicOldExpressionParser.parseBinary(BasicOldExpressionParser.java:185)
	at org.jetbrains.kotlin.com.intellij.lang.java.parser.BasicOldExpressionParser.parseExpression(BasicOldExpressionParser.java:148)
	at org.jetbrains.kotlin.com.intellij.lang.java.parser.BasicOldExpressionParser.parseBinary(BasicOldExpressionParser.java:185)
	at org.jetbrains.kotlin.com.intellij.lang.java.parser.BasicOldExpressionParser.parseExpression(BasicOldExpressionParser.java:145)
	at org.jetbrains.kotlin.com.intellij.lang.java.parser.BasicOldExpressionParser.parseBinary(BasicOldExpressionParser.java:185)
	at org.jetbrains.kotlin.com.intellij.lang.java.parser.BasicOldExpressionParser.parseExpression(BasicOldExpressionParser.java:142)
	at org.jetbrains.kotlin.com.intellij.lang.java.parser.BasicOldExpressionParser.parseConditional(BasicOldExpressionParser.java:106)
	at org.jetbrains.kotlin.com.intellij.lang.java.parser.BasicOldExpressionParser.parseAssignment(BasicOldExpressionParser.java:79)
	at org.jetbrains.kotlin.com.intellij.lang.java.parser.BasicOldExpressionParser.parseAssignment(BasicOldExpressionParser.java:75)
	at org.jetbrains.kotlin.com.intellij.lang.java.parser.BasicOldExpressionParser.parse(BasicOldExpressionParser.java:57)
	at org.jetbrains.kotlin.com.intellij.lang.java.parser.BasicOldExpressionParser.parseArgumentList(BasicOldExpressionParser.java:991)
	at org.jetbrains.kotlin.com.intellij.lang.java.parser.BasicOldExpressionParser.parsePrimary(BasicOldExpressionParser.java:464)
	at org.jetbrains.kotlin.com.intellij.lang.java.parser.BasicOldExpressionParser.parsePostfix(BasicOldExpressionParser.java:324)
	at org.jetbrains.kotlin.com.intellij.lang.java.parser.BasicOldExpressionParser.parseUnary(BasicOldExpressionParser.java:318)
	at org.jetbrains.kotlin.com.intellij.lang.java.parser.BasicOldExpressionParser.parseExpression(BasicOldExpressionParser.java:172)
	at org.jetbrains.kotlin.com.intellij.lang.java.parser.BasicOldExpressionParser.parseBinary(BasicOldExpressionParser.java:185)
	at org.jetbrains.kotlin.com.intellij.lang.java.parser.BasicOldExpressionParser.parseExpression(BasicOldExpressionParser.java:169)
	at org.jetbrains.kotlin.com.intellij.lang.java.parser.BasicOldExpressionParser.parseBinary(BasicOldExpressionParser.java:185)
	at org.jetbrains.kotlin.com.intellij.lang.java.parser.BasicOldExpressionParser.parseExpression(BasicOldExpressionParser.java:166)
	at org.jetbrains.kotlin.com.intellij.lang.java.parser.BasicOldExpressionParser.parseBinary(BasicOldExpressionParser.java:185)
	at org.jetbrains.kotlin.com.intellij.lang.java.parser.BasicOldExpressionParser.parseExpression(BasicOldExpressionParser.java:163)
	at org.jetbrains.kotlin.com.intellij.lang.java.parser.BasicOldExpressionParser.parseRelational(BasicOldExpressionParser.java:217)
	at org.jetbrains.kotlin.com.intellij.lang.java.parser.BasicOldExpressionParser.parseExpression(BasicOldExpressionParser.java:160)
	at org.jetbrains.kotlin.com.intellij.lang.java.parser.BasicOldExpressionParser.parseBinary(BasicOldExpressionParser.java:185)
	at org.jetbrains.kotlin.com.intellij.lang.java.parser.BasicOldExpressionParser.parseExpression(BasicOldExpressionParser.java:157)
	at org.jetbrains.kotlin.com.intellij.lang.java.parser.BasicOldExpressionParser.parseBinary(BasicOldExpressionParser.java:185)
	at org.jetbrains.kotlin.com.intellij.lang.java.parser.BasicOldExpressionParser.parseExpression(BasicOldExpressionParser.java:154)
	at org.jetbrains.kotlin.com.intellij.lang.java.parser.BasicOldExpressionParser.parseBinary(BasicOldExpressionParser.java:185)
	at org.jetbrains.kotlin.com.intellij.lang.java.parser.BasicOldExpressionParser.parseExpression(BasicOldExpressionParser.java:151)
	at org.jetbrains.kotlin.com.intellij.lang.java.parser.BasicOldExpressionParser.parseBinary(BasicOldExpressionParser.java:185)
	at org.jetbrains.kotlin.com.intellij.lang.java.parser.BasicOldExpressionParser.parseExpression(BasicOldExpressionParser.java:148)
	at org.jetbrains.kotlin.com.intellij.lang.java.parser.BasicOldExpressionParser.parseBinary(BasicOldExpressionParser.java:185)
	at org.jetbrains.kotlin.com.intellij.lang.java.parser.BasicOldExpressionParser.parseExpression(BasicOldExpressionParser.java:145)
	at org.jetbrains.kotlin.com.intellij.lang.java.parser.BasicOldExpressionParser.parseBinary(BasicOldExpressionParser.java:185)
	at org.jetbrains.kotlin.com.intellij.lang.java.parser.BasicOldExpressionParser.parseExpression(BasicOldExpressionParser.java:142)
	at org.jetbrains.kotlin.com.intellij.lang.java.parser.BasicOldExpressionParser.parseConditional(BasicOldExpressionParser.java:106)
	at org.jetbrains.kotlin.com.intellij.lang.java.parser.BasicOldExpressionParser.parseAssignment(BasicOldExpressionParser.java:79)
	at org.jetbrains.kotlin.com.intellij.lang.java.parser.BasicOldExpressionParser.parseAssignment(BasicOldExpressionParser.java:75)
	at org.jetbrains.kotlin.com.intellij.lang.java.parser.BasicOldExpressionParser.parse(BasicOldExpressionParser.java:57)
	at org.jetbrains.kotlin.com.intellij.lang.java.parser.BasicOldExpressionParser.parseArgumentList(BasicOldExpressionParser.java:991)
	at org.jetbrains.kotlin.com.intellij.lang.java.parser.BasicOldExpressionParser.parsePrimary(BasicOldExpressionParser.java:464)
	at org.jetbrains.kotlin.com.intellij.lang.java.parser.BasicOldExpressionParser.parsePostfix(BasicOldExpressionParser.java:324)
	at org.jetbrains.kotlin.com.intellij.lang.java.parser.BasicOldExpressionParser.parseUnary(BasicOldExpressionParser.java:318)
	at org.jetbrains.kotlin.com.intellij.lang.java.parser.BasicOldExpressionParser.parseExpression(BasicOldExpressionParser.java:172)
	at org.jetbrains.kotlin.com.intellij.lang.java.parser.BasicOldExpressionParser.parseBinary(BasicOldExpressionParser.java:185)
	at org.jetbrains.kotlin.com.intellij.lang.java.parser.BasicOldExpressionParser.parseExpression(BasicOldExpressionParser.java:169)
	at org.jetbrains.kotlin.com.intellij.lang.java.parser.BasicOldExpressionParser.parseBinary(BasicOldExpressionParser.java:185)
	at org.jetbrains.kotlin.com.intellij.lang.java.parser.BasicOldExpressionParser.parseExpression(BasicOldExpressionParser.java:166)
	at org.jetbrains.kotlin.com.intellij.lang.java.parser.BasicOldExpressionParser.parseBinary(BasicOldExpressionParser.java:185)
	at org.jetbrains.kotlin.com.intellij.lang.java.parser.BasicOldExpressionParser.parseExpression(BasicOldExpressionParser.java:163)
	at org.jetbrains.kotlin.com.intellij.lang.java.parser.BasicOldExpressionParser.parseRelational(BasicOldExpressionParser.java:217)
	at org.jetbrains.kotlin.com.intellij.lang.java.parser.BasicOldExpressionParser.parseExpression(BasicOldExpressionParser.java:160)
	at org.jetbrains.kotlin.com.intellij.lang.java.parser.BasicOldExpressionParser.parseBinary(BasicOldExpressionParser.java:185)
	at org.jetbrains.kotlin.com.intellij.lang.java.parser.BasicOldExpressionParser.parseExpression(BasicOldExpressionParser.java:157)
	at org.jetbrains.kotlin.com.intellij.lang.java.parser.BasicOldExpressionParser.parseBinary(BasicOldExpressionParser.java:185)
	at org.jetbrains.kotlin.com.intellij.lang.java.parser.BasicOldExpressionParser.parseExpression(BasicOldExpressionParser.java:154)
	at org.jetbrains.kotlin.com.intellij.lang.java.parser.BasicOldExpressionParser.parseBinary(BasicOldExpressionParser.java:185)
	at org.jetbrains.kotlin.com.intellij.lang.java.parser.BasicOldExpressionParser.parseExpression(BasicOldExpressionParser.java:151)
	at org.jetbrains.kotlin.com.intellij.lang.java.parser.BasicOldExpressionParser.parseBinary(BasicOldExpressionParser.java:185)
	at org.jetbrains.kotlin.com.intellij.lang.java.parser.BasicOldExpressionParser.parseExpression(BasicOldExpressionParser.java:148)
	at org.jetbrains.kotlin.com.intellij.lang.java.parser.BasicOldExpressionParser.parseBinary(BasicOldExpressionParser.java:185)
	at org.jetbrains.kotlin.com.intellij.lang.java.parser.BasicOldExpressionParser.parseExpression(BasicOldExpressionParser.java:145)
	at org.jetbrains.kotlin.com.intellij.lang.java.parser.BasicOldExpressionParser.parseBinary(BasicOldExpressionParser.java:185)
	at org.jetbrains.kotlin.com.intellij.lang.java.parser.BasicOldExpressionParser.parseExpression(BasicOldExpressionParser.java:142)
	at org.jetbrains.kotlin.com.intellij.lang.java.parser.BasicOldExpressionParser.parseConditional(BasicOldExpressionParser.java:106)
	at org.jetbrains.kotlin.com.intellij.lang.java.parser.BasicOldExpressionParser.parseAssignment(BasicOldExpressionParser.java:79)
	at org.jetbrains.kotlin.com.intellij.lang.java.parser.BasicOldExpressionParser.parseAssignment(BasicOldExpressionParser.java:75)
	at org.jetbrains.kotlin.com.intellij.lang.java.parser.BasicOldExpressionParser.parse(BasicOldExpressionParser.java:57)
	at org.jetbrains.kotlin.com.intellij.lang.java.parser.BasicOldExpressionParser.parseArgumentList(BasicOldExpressionParser.java:991)
	at org.jetbrains.kotlin.com.intellij.lang.java.parser.BasicOldExpressionParser.parsePrimary(BasicOldExpressionParser.java:464)
	at org.jetbrains.kotlin.com.intellij.lang.java.parser.BasicOldExpressionParser.parsePostfix(BasicOldExpressionParser.java:324)
	at org.jetbrains.kotlin.com.intellij.lang.java.parser.BasicOldExpressionParser.parseUnary(BasicOldExpressionParser.java:318)
	at org.jetbrains.kotlin.com.intellij.lang.java.parser.BasicOldExpressionParser.parseExpression(BasicOldExpressionParser.java:172)
	at org.jetbrains.kotlin.com.intellij.lang.java.parser.BasicOldExpressionParser.parseBinary(BasicOldExpressionParser.java:185)
	at org.jetbrains.kotlin.com.intellij.lang.java.parser.BasicOldExpressionParser.parseExpression(BasicOldExpressionParser.java:169)
	at org.jetbrains.kotlin.com.intellij.lang.java.parser.BasicOldExpressionParser.parseBinary(BasicOldExpressionParser.java:185)
	at org.jetbrains.kotlin.com.intellij.lang.java.parser.BasicOldExpressionParser.parseExpression(BasicOldExpressionParser.java:166)
	at org.jetbrains.kotlin.com.intellij.lang.java.parser.BasicOldExpressionParser.parseBinary(BasicOldExpressionParser.java:185)
	at org.jetbrains.kotlin.com.intellij.lang.java.parser.BasicOldExpressionParser.parseExpression(BasicOldExpressionParser.java:163)
	at org.jetbrains.kotlin.com.intellij.lang.java.parser.BasicOldExpressionParser.parseRelational(BasicOldExpressionParser.java:217)
	at org.jetbrains.kotlin.com.intellij.lang.java.parser.BasicOldExpressionParser.parseExpression(BasicOldExpressionParser.java:160)
	at org.jetbrains.kotlin.com.intellij.lang.java.parser.BasicOldExpressionParser.parseBinary(BasicOldExpressionParser.java:185)
	at org.jetbrains.kotlin.com.intellij.lang.java.parser.BasicOldExpressionParser.parseExpression(BasicOldExpressionParser.java:157)
	at org.jetbrains.kotlin.com.intellij.lang.java.parser.BasicOldExpressionParser.parseBinary(BasicOldExpressionParser.java:185)
	at org.jetbrains.kotlin.com.intellij.lang.java.parser.BasicOldExpressionParser.parseExpression(BasicOldExpressionParser.java:154)
	at org.jetbrains.kotlin.com.intellij.lang.java.parser.BasicOldExpressionParser.parseBinary(BasicOldExpressionParser.java:185)
	at org.jetbrains.kotlin.com.intellij.lang.java.parser.BasicOldExpressionParser.parseExpression(BasicOldExpressionParser.java:151)
	at org.jetbrains.kotlin.com.intellij.lang.java.parser.BasicOldExpressionParser.parseBinary(BasicOldExpressionParser.java:185)
	at org.jetbrains.kotlin.com.intellij.lang.java.parser.BasicOldExpressionParser.parseExpression(BasicOldExpressionParser.java:148)
	at org.jetbrains.kotlin.com.intellij.lang.java.parser.BasicOldExpressionParser.parseBinary(BasicOldExpressionParser.java:185)
	at org.jetbrains.kotlin.com.intellij.lang.java.parser.BasicOldExpressionParser.parseExpression(BasicOldExpressionParser.java:145)
	at org.jetbrains.kotlin.com.intellij.lang.java.parser.BasicOldExpressionParser.parseBinary(BasicOldExpressionParser.java:185)
	at org.jetbrains.kotlin.com.intellij.lang.java.parser.BasicOldExpressionParser.parseExpression(BasicOldExpressionParser.java:142)
	at org.jetbrains.kotlin.com.intellij.lang.java.parser.BasicOldExpressionParser.parseConditional(BasicOldExpressionParser.java:106)
	at org.jetbrains.kotlin.com.intellij.lang.java.parser.BasicOldExpressionParser.parseAssignment(BasicOldExpressionParser.java:79)
	at org.jetbrains.kotlin.com.intellij.lang.java.parser.BasicOldExpressionParser.parseAssignment(BasicOldExpressionParser.java:75)
	at org.jetbrains.kotlin.com.intellij.lang.java.parser.BasicOldExpressionParser.parse(BasicOldExpressionParser.java:57)
	at org.jetbrains.kotlin.com.intellij.lang.java.parser.BasicOldExpressionParser.parseArgumentList(BasicOldExpressionParser.java:991)
	at org.jetbrains.kotlin.com.intellij.lang.java.parser.BasicOldExpressionParser.parsePrimary(BasicOldExpressionParser.java:464)
	at org.jetbrains.kotlin.com.intellij.lang.java.parser.BasicOldExpressionParser.parsePostfix(BasicOldExpressionParser.java:324)
	at org.jetbrains.kotlin.com.intellij.lang.java.parser.BasicOldExpressionParser.parseUnary(BasicOldExpressionParser.java:318)
	at org.jetbrains.kotlin.com.intellij.lang.java.parser.BasicOldExpressionParser.parseExpression(BasicOldExpressionParser.java:172)
	at org.jetbrains.kotlin.com.intellij.lang.java.parser.BasicOldExpressionParser.parseBinary(BasicOldExpressionParser.java:185)
	at org.jetbrains.kotlin.com.intellij.lang.java.parser.BasicOldExpressionParser.parseExpression(BasicOldExpressionParser.java:169)
	at org.jetbrains.kotlin.com.intellij.lang.java.parser.BasicOldExpressionParser.parseBinary(BasicOldExpressionParser.java:185)
	at org.jetbrains.kotlin.com.intellij.lang.java.parser.BasicOldExpressionParser.parseExpression(BasicOldExpressionParser.java:166)
	at org.jetbrains.kotlin.com.intellij.lang.java.parser.BasicOldExpressionParser.parseBinary(BasicOldExpressionParser.java:185)
	at org.jetbrains.kotlin.com.intellij.lang.java.parser.BasicOldExpressionParser.parseExpression(BasicOldExpressionParser.java:163)
	at org.jetbrains.kotlin.com.intellij.lang.java.parser.BasicOldExpressionParser.parseRelational(BasicOldExpressionParser.java:217)
	at org.jetbrains.kotlin.com.intellij.lang.java.parser.BasicOldExpressionParser.parseExpression(BasicOldExpressionParser.java:160)
	at org.jetbrains.kotlin.com.intellij.lang.java.parser.BasicOldExpressionParser.parseBinary(BasicOldExpressionParser.java:185)
	at org.jetbrains.kotlin.com.intellij.lang.java.parser.BasicOldExpressionParser.parseExpression(BasicOldExpressionParser.java:157)
	at org.jetbrains.kotlin.com.intellij.lang.java.parser.BasicOldExpressionParser.parseBinary(BasicOldExpressionParser.java:185)
	at org.jetbrains.kotlin.com.intellij.lang.java.parser.BasicOldExpressionParser.parseExpression(BasicOldExpressionParser.java:154)
	at org.jetbrains.kotlin.com.intellij.lang.java.parser.BasicOldExpressionParser.parseBinary(BasicOldExpressionParser.java:185)
	at org.jetbrains.kotlin.com.intellij.lang.java.parser.BasicOldExpressionParser.parseExpression(BasicOldExpressionParser.java:151)
	at org.jetbrains.kotlin.com.intellij.lang.java.parser.BasicOldExpressionParser.parseBinary(BasicOldExpressionParser.java:185)
	at org.jetbrains.kotlin.com.intellij.lang.java.parser.BasicOldExpressionParser.parseExpression(BasicOldExpressionParser.java:148)
	at org.jetbrains.kotlin.com.intellij.lang.java.parser.BasicOldExpressionParser.parseBinary(BasicOldExpressionParser.java:185)
	at org.jetbrains.kotlin.com.intellij.lang.java.parser.BasicOldExpressionParser.parseExpression(BasicOldExpressionParser.java:145)
	at org.jetbrains.kotlin.com.intellij.lang.java.parser.BasicOldExpressionParser.parseBinary(BasicOldExpressionParser.java:185)
	at org.jetbrains.kotlin.com.intellij.lang.java.parser.BasicOldExpressionParser.parseExpression(BasicOldExpressionParser.java:142)
	at org.jetbrains.kotlin.com.intellij.lang.java.parser.BasicOldExpressionParser.parseConditional(BasicOldExpressionParser.java:106)
	at org.jetbrains.kotlin.com.intellij.lang.java.parser.BasicOldExpressionParser.parseAssignment(BasicOldExpressionParser.java:79)
	at org.jetbrains.kotlin.com.intellij.lang.java.parser.BasicOldExpressionParser.parseAssignment(BasicOldExpressionParser.java:75)
	at org.jetbrains.kotlin.com.intellij.lang.java.parser.BasicOldExpressionParser.parse(BasicOldExpressionParser.java:57)
	at org.jetbrains.kotlin.com.intellij.lang.java.parser.BasicOldExpressionParser.parseArgumentList(BasicOldExpressionParser.java:991)
	at org.jetbrains.kotlin.com.intellij.lang.java.parser.BasicOldExpressionParser.parsePrimary(BasicOldExpressionParser.java:464)
	at org.jetbrains.kotlin.com.intellij.lang.java.parser.BasicOldExpressionParser.parsePostfix(BasicOldExpressionParser.java:324)
	at org.jetbrains.kotlin.com.intellij.lang.java.parser.BasicOldExpressionParser.parseUnary(BasicOldExpressionParser.java:318)
	at org.jetbrains.kotlin.com.intellij.lang.java.parser.BasicOldExpressionParser.parseExpression(BasicOldExpressionParser.java:172)
	at org.jetbrains.kotlin.com.intellij.lang.java.parser.BasicOldExpressionParser.parseBinary(BasicOldExpressionParser.java:185)
	at org.jetbrains.kotlin.com.intellij.lang.java.parser.BasicOldExpressionParser.parseExpression(BasicOldExpressionParser.java:169)
	at org.jetbrains.kotlin.com.intellij.lang.java.parser.BasicOldExpressionParser.parseBinary(BasicOldExpressionParser.java:185)
	at org.jetbrains.kotlin.com.intellij.lang.java.parser.BasicOldExpressionParser.parseExpression(BasicOldExpressionParser.java:166)
	at org.jetbrains.kotlin.com.intellij.lang.java.parser.BasicOldExpressionParser.parseBinary(BasicOldExpressionParser.java:185)
	at org.jetbrains.kotlin.com.intellij.lang.java.parser.BasicOldExpressionParser.parseExpression(BasicOldExpressionParser.java:163)
	at org.jetbrains.kotlin.com.intellij.lang.java.parser.BasicOldExpressionParser.parseRelational(BasicOldExpressionParser.java:217)
	at org.jetbrains.kotlin.com.intellij.lang.java.parser.BasicOldExpressionParser.parseExpression(BasicOldExpressionParser.java:160)
	at org.jetbrains.kotlin.com.intellij.lang.java.parser.BasicOldExpressionParser.parseBinary(BasicOldExpressionParser.java:185)
	at org.jetbrains.kotlin.com.intellij.lang.java.parser.BasicOldExpressionParser.parseExpression(BasicOldExpressionParser.java:157)
	at org.jetbrains.kotlin.com.intellij.lang.java.parser.BasicOldExpressionParser.parseBinary(BasicOldExpressionParser.java:185)
	at org.jetbrains.kotlin.com.intellij.lang.java.parser.BasicOldExpressionParser.parseExpression(BasicOldExpressionParser.java:154)
	at org.jetbrains.kotlin.com.intellij.lang.java.parser.BasicOldExpressionParser.parseBinary(BasicOldExpressionParser.java:185)
	at org.jetbrains.kotlin.com.intellij.lang.java.parser.BasicOldExpressionParser.parseExpression(BasicOldExpressionParser.java:151)
	at org.jetbrains.kotlin.com.intellij.lang.java.parser.BasicOldExpressionParser.parseBinary(BasicOldExpressionParser.java:185)
	at org.jetbrains.kotlin.com.intellij.lang.java.parser.BasicOldExpressionParser.parseExpression(BasicOldExpressionParser.java:148)
	at org.jetbrains.kotlin.com.intellij.lang.java.parser.BasicOldExpressionParser.parseBinary(BasicOldExpressionParser.java:185)
	at org.jetbrains.kotlin.com.intellij.lang.java.parser.BasicOldExpressionParser.parseExpression(BasicOldExpressionParser.java:145)
	at org.jetbrains.kotlin.com.intellij.lang.java.parser.BasicOldExpressionParser.parseBinary(BasicOldExpressionParser.java:185)
	at org.jetbrains.kotlin.com.intellij.lang.java.parser.BasicOldExpressionParser.parseExpression(BasicOldExpressionParser.java:142)
	at org.jetbrains.kotlin.com.intellij.lang.java.parser.BasicOldExpressionParser.parseConditional(BasicOldExpressionParser.java:106)
	at org.jetbrains.kotlin.com.intellij.lang.java.parser.BasicOldExpressionParser.parseAssignment(BasicOldExpressionParser.java:79)
	at org.jetbrains.kotlin.com.intellij.lang.java.parser.BasicOldExpressionParser.parseAssignment(BasicOldExpressionParser.java:75)
	at org.jetbrains.kotlin.com.intellij.lang.java.parser.BasicOldExpressionParser.parse(BasicOldExpressionParser.java:57)
	at org.jetbrains.kotlin.com.intellij.lang.java.parser.BasicOldExpressionParser.parseArgumentList(BasicOldExpressionParser.java:991)
	at org.jetbrains.kotlin.com.intellij.lang.java.parser.BasicOldExpressionParser.parsePrimary(BasicOldExpressionParser.java:464)
	at org.jetbrains.kotlin.com.intellij.lang.java.parser.BasicOldExpressionParser.parsePostfix(BasicOldExpressionParser.java:324)
	at org.jetbrains.kotlin.com.intellij.lang.java.parser.BasicOldExpressionParser.parseUnary(BasicOldExpressionParser.java:318)
	at org.jetbrains.kotlin.com.intellij.lang.java.parser.BasicOldExpressionParser.parseExpression(BasicOldExpressionParser.java:172)
	at org.jetbrains.kotlin.com.intellij.lang.java.parser.BasicOldExpressionParser.parseBinary(BasicOldExpressionParser.java:185)
	at org.jetbrains.kotlin.com.intellij.lang.java.parser.BasicOldExpressionParser.parseExpression(BasicOldExpressionParser.java:169)
	at org.jetbrains.kotlin.com.intellij.lang.java.parser.BasicOldExpressionParser.parseBinary(BasicOldExpressionParser.java:185)
	at org.jetbrains.kotlin.com.intellij.lang.java.parser.BasicOldExpressionParser.parseExpression(BasicOldExpressionParser.java:166)
	at org.jetbrains.kotlin.com.intellij.lang.java.parser.BasicOldExpressionParser.parseBinary(BasicOldExpressionParser.java:185)
	at org.jetbrains.kotlin.com.intellij.lang.java.parser.BasicOldExpressionParser.parseExpression(BasicOldExpressionParser.java:163)
	at org.jetbrains.kotlin.com.intellij.lang.java.parser.BasicOldExpressionParser.parseRelational(BasicOldExpressionParser.java:217)
	at org.jetbrains.kotlin.com.intellij.lang.java.parser.BasicOldExpressionParser.parseExpression(BasicOldExpressionParser.java:160)
	at org.jetbrains.kotlin.com.intellij.lang.java.parser.BasicOldExpressionParser.parseBinary(BasicOldExpressionParser.java:185)
	at org.jetbrains.kotlin.com.intellij.lang.java.parser.BasicOldExpressionParser.parseExpression(BasicOldExpressionParser.java:157)
	at org.jetbrains.kotlin.com.intellij.lang.java.parser.BasicOldExpressionParser.parseBinary(BasicOldExpressionParser.java:185)
	at org.jetbrains.kotlin.com.intellij.lang.java.parser.BasicOldExpressionParser.parseExpression(BasicOldExpressionParser.java:154)
	at org.jetbrains.kotlin.com.intellij.lang.java.parser.BasicOldExpressionParser.parseBinary(BasicOldExpressionParser.java:185)
	at org.jetbrains.kotlin.com.intellij.lang.java.parser.BasicOldExpressionParser.parseExpression(BasicOldExpressionParser.java:151)
	at org.jetbrains.kotlin.com.intellij.lang.java.parser.BasicOldExpressionParser.parseBinary(BasicOldExpressionParser.java:185)
	at org.jetbrains.kotlin.com.intellij.lang.java.parser.BasicOldExpressionParser.parseExpression(BasicOldExpressionParser.java:148)
	at org.jetbrains.kotlin.com.intellij.lang.java.parser.BasicOldExpressionParser.parseBinary(BasicOldExpressionParser.java:185)
	at org.jetbrains.kotlin.com.intellij.lang.java.parser.BasicOldExpressionParser.parseExpression(BasicOldExpressionParser.java:145)
	at org.jetbrains.kotlin.com.intellij.lang.java.parser.BasicOldExpressionParser.parseBinary(BasicOldExpressionParser.java:185)
	at org.jetbrains.kotlin.com.intellij.lang.java.parser.BasicOldExpressionParser.parseExpression(BasicOldExpressionParser.java:142)
	at org.jetbrains.kotlin.com.intellij.lang.java.parser.BasicOldExpressionParser.parseConditional(BasicOldExpressionParser.java:106)
	at org.jetbrains.kotlin.com.intellij.lang.java.parser.BasicOldExpressionParser.parseAssignment(BasicOldExpressionParser.java:79)
	at org.jetbrains.kotlin.com.intellij.lang.java.parser.BasicOldExpressionParser.parseAssignment(BasicOldExpressionParser.java:75)
	at org.jetbrains.kotlin.com.intellij.lang.java.parser.BasicOldExpressionParser.parse(BasicOldExpressionParser.java:57)
	at org.jetbrains.kotlin.com.intellij.lang.java.parser.BasicOldExpressionParser.parseArgumentList(BasicOldExpressionParser.java:991)
	at org.jetbrains.kotlin.com.intellij.lang.java.parser.BasicOldExpressionParser.parsePrimary(BasicOldExpressionParser.java:464)
	at org.jetbrains.kotlin.com.intellij.lang.java.parser.BasicOldExpressionParser.parsePostfix(BasicOldExpressionParser.java:324)
	at org.jetbrains.kotlin.com.intellij.lang.java.parser.BasicOldExpressionParser.parseUnary(BasicOldExpressionParser.java:318)
	at org.jetbrains.kotlin.com.intellij.lang.java.parser.BasicOldExpressionParser.parseExpression(BasicOldExpressionParser.java:172)
	at org.jetbrains.kotlin.com.intellij.lang.java.parser.BasicOldExpressionParser.parseBinary(BasicOldExpressionParser.java:185)
	at org.jetbrains.kotlin.com.intellij.lang.java.parser.BasicOldExpressionParser.parseExpression(BasicOldExpressionParser.java:169)
	at org.jetbrains.kotlin.com.intellij.lang.java.parser.BasicOldExpressionParser.parseBinary(BasicOldExpressionParser.java:185)
	at org.jetbrains.kotlin.com.intellij.lang.java.parser.BasicOldExpressionParser.parseExpression(BasicOldExpressionParser.java:166)
	at org.jetbrains.kotlin.com.intellij.lang.java.parser.BasicOldExpressionParser.parseBinary(BasicOldExpressionParser.java:185)
	at org.jetbrains.kotlin.com.intellij.lang.java.parser.BasicOldExpressionParser.parseExpression(BasicOldExpressionParser.java:163)
	at org.jetbrains.kotlin.com.intellij.lang.java.parser.BasicOldExpressionParser.parseRelational(BasicOldExpressionParser.java:217)
	at org.jetbrains.kotlin.com.intellij.lang.java.parser.BasicOldExpressionParser.parseExpression(BasicOldExpressionParser.java:160)
	at org.jetbrains.kotlin.com.intellij.lang.java.parser.BasicOldExpressionParser.parseBinary(BasicOldExpressionParser.java:185)
	at org.jetbrains.kotlin.com.intellij.lang.java.parser.BasicOldExpressionParser.parseExpression(BasicOldExpressionParser.java:157)
	at org.jetbrains.kotlin.com.intellij.lang.java.parser.BasicOldExpressionParser.parseBinary(BasicOldExpressionParser.java:185)
	at org.jetbrains.kotlin.com.intellij.lang.java.parser.BasicOldExpressionParser.parseExpression(BasicOldExpressionParser.java:154)
	at org.jetbrains.kotlin.com.intellij.lang.java.parser.BasicOldExpressionParser.parseBinary(BasicOldExpressionParser.java:185)
	at org.jetbrains.kotlin.com.intellij.lang.java.parser.BasicOldExpressionParser.parseExpression(BasicOldExpressionParser.java:151)
	at org.jetbrains.kotlin.com.intellij.lang.java.parser.BasicOldExpressionParser.parseBinary(BasicOldExpressionParser.java:185)
	at org.jetbrains.kotlin.com.intellij.lang.java.parser.BasicOldExpressionParser.parseExpression(BasicOldExpressionParser.java:148)
	at org.jetbrains.kotlin.com.intellij.lang.java.parser.BasicOldExpressionParser.parseBinary(BasicOldExpressionParser.java:185)
	at org.jetbrains.kotlin.com.intellij.lang.java.parser.BasicOldExpressionParser.parseExpression(BasicOldExpressionParser.java:145)
	at org.jetbrains.kotlin.com.intellij.lang.java.parser.BasicOldExpressionParser.parseBinary(BasicOldExpressionParser.java:185)
	at org.jetbrains.kotlin.com.intellij.lang.java.parser.BasicOldExpressionParser.parseExpression(BasicOldExpressionParser.java:142)
	at org.jetbrains.kotlin.com.intellij.lang.java.parser.BasicOldExpressionParser.parseConditional(BasicOldExpressionParser.java:106)
	at org.jetbrains.kotlin.com.intellij.lang.java.parser.BasicOldExpressionParser.parseAssignment(BasicOldExpressionParser.java:79)
	at org.jetbrains.kotlin.com.intellij.lang.java.parser.BasicOldExpressionParser.parseAssignment(BasicOldExpressionParser.java:75)
	at org.jetbrains.kotlin.com.intellij.lang.java.parser.BasicOldExpressionParser.parse(BasicOldExpressionParser.java:57)
	at org.jetbrains.kotlin.com.intellij.lang.java.parser.BasicOldExpressionParser.parseArgumentList(BasicOldExpressionParser.java:991)
	at org.jetbrains.kotlin.com.intellij.lang.java.parser.BasicOldExpressionParser.parsePrimary(BasicOldExpressionParser.java:464)
	at org.jetbrains.kotlin.com.intellij.lang.java.parser.BasicOldExpressionParser.parsePostfix(BasicOldExpressionParser.java:324)
	at org.jetbrains.kotlin.com.intellij.lang.java.parser.BasicOldExpressionParser.parseUnary(BasicOldExpressionParser.java:318)


